isco_08	isced_f_2013	core	common	specialist	roles	topics
1120	0413	7	4	1	2	performance measurement; supervision and delegation; human resource management; performance appraisal
1120	0411	5	1	0	2	budgeting and variance; financial statements; management accounting
1120	0313	2	5	0	2	motivation and team climate; personnel selection psychology; feedback and motivation; conflict psychology
1120	0412	2	1	0	2	cash flow management; investment appraisal
1120	0542	2	1	0	2	descriptive statistics; statistical analysis
1120	0223	2	0	0	2	fairness and workplace ethics
1120	0421	1	2	0	2	contract law; labour law
1120	0311	1	1	0	1	supply and demand; price elasticity of demand
1120	0414	0	1	1	1	pricing strategy; branding
1120	0212	0	0	1	1	visual identity design
1120	0417	0	0	1	1	workplace organisation
1120	0611	0	1	0	1	spreadsheet software
1120	0721	0	1	0	1	food safety management system audits
1120	1021	0	1	0	1	sanitary inspection
1221	0414	3	5	0	2	branding; market research; social media marketing; menu engineering
1221	0413	3	2	0	2	franchising; organisational structure and control; strategic planning; performance measurement
1221	0542	1	3	0	2	descriptive statistics; statistics; sales mix analysis; survey statistics
1221	0412	2	0	0	2	investment appraisal; cash flow management
1221	0421	2	0	0	1	contract law
1221	0212	1	1	0	2	visual identity design
1221	0411	1	1	0	1	budgeting and variance; contribution margin
1221	0311	1	0	0	1	supply and demand
1221	0313	0	2	0	1	motivation and team climate; consumer behaviour
1221	0031	0	1	0	1	communication skills
1221	0111	0	1	0	1	curriculum and instructional design
1221	0223	0	1	0	1	fairness and workplace ethics
1221	0416	0	1	0	1	e-commerce
1221	0611	0	1	0	1	CRM software
1221	0721	0	1	0	1	food safety management system audits
1221	1021	0	1	0	1	sanitary inspection
1321	0413	7	5	0	2	supervision and delegation; operational budgeting; workforce planning; operations planning
1321	0313	3	2	0	2	motivation and team climate; service psychology and empathy; de-escalation and emotional regulation; constructive feedback
1321	0411	2	4	0	2	cost accounting and variance analysis; recipe costing and yield; stocktaking and cost of goods; invoice verification
1321	0721	2	3	0	2	incoming food quality inspection; hazard analysis and critical control points; batch production; good manufacturing practice
1321	0542	3	0	0	2	demand forecasting; descriptive statistics
1321	0416	1	3	0	1	customer relations in retail; inventory management; goods-in checks against orders; online retail channels
1321	0223	2	0	0	2	fairness and workplace ethics
1321	0421	1	2	0	2	labour law on hours and rest; food law and standards; labour law
1321	0311	1	1	0	2	input prices and inflation
1321	1013	1	1	0	1	hospitality service standards; service recovery
1321	0412	1	0	0	1	cash flow management
1321	0414	0	2	0	1	menu engineering and pricing; ratings and online reputation
1321	0417	0	2	0	2	on-the-job training; workplace organisation
1321	0611	0	2	0	1	inventory software; using vendor platforms and tablets
1321	1021	1	0	0	1	sanitary design
1321	1022	0	2	0	2	risk assessment method; occupational risk assessment
1321	0111	0	1	0	1	adult learning and instruction
1321	0511	0	1	0	1	microbial hazards
1321	0541	0	1	0	1	ratios and percentages
1321	0715	0	1	0	1	maintenance engineering
1321	0915	0	1	0	1	dietary salt and health
1321	0923	0	1	0	1	active listening
1324	1041	7	1	0	3	logistics; defensive riding; dispatch operations; licensing categories
1324	0413	5	4	0	3	supervision and delegation; supply chain management; workforce planning; capacity planning
1324	0542	3	2	0	2	demand forecasting; demand forecasting from past data; demand variability; descriptive statistics
1324	0313	2	2	0	2	motivation and team climate; constructive feedback; negotiation psychology
1324	0416	2	2	0	2	stock control; supplier management; reorder point; buying and negotiation
1324	0421	2	1	0	2	labour law on hours and rest; traffic and insurance law; contract law
1324	0721	2	1	0	2	chilled and frozen food storage; supplier approval for food safety; food traceability
1324	0533	2	0	0	2	braking distance and friction; refrigeration and heat load
1324	0541	2	0	0	2	assignment and scheduling problems; route optimisation
1324	0611	1	2	0	2	live tracking dashboards; inventory software; computer use
1324	0223	1	1	0	2	fairness and workplace ethics
1324	0411	1	1	0	2	cost accounting and variance analysis; budgeting and variance
1324	0417	1	1	0	2	on-the-job training; prioritising tasks under pressure
1324	0031	0	2	0	1	problem solving; self-organisation and punctuality
1324	0111	1	0	0	1	adult learning and instruction
1324	0412	1	0	0	1	cash flow management
1324	1022	1	0	0	1	road injury prevention
1324	0311	0	1	0	1	input prices and inflation
1324	0521	0	0	1	1	environmental sustainability
1324	1032	0	1	0	1	personal safety and crime prevention
1411	0413	2	3	1	1	performance measurement; supervision and delegation; record keeping and verification; performance appraisal
1411	0411	3	1	0	1	budgeting and variance; financial statements; management accounting; contribution margin
1411	0313	1	1	0	1	motivation and team climate; feedback and motivation
1411	0414	1	1	0	1	pricing strategy; menu engineering
1411	0542	1	1	0	1	descriptive statistics; sales mix analysis
1411	0721	0	2	1	1	supplier approval for food safety; hazard analysis and critical control points; food safety management systems
1411	0223	1	0	0	1	fairness and workplace ethics
1411	0311	1	0	0	1	price elasticity of demand
1411	0412	1	0	0	1	cash flow management
1411	0231	0	1	0	1	English for specific purposes
1411	0314	0	1	0	1	intercultural communication
1411	0416	0	1	0	1	supplier management
1411	0511	0	1	0	1	microbial hazards
1411	1015	0	1	0	1	serving international tourists
1411	1022	0	1	0	1	risk assessment method
1412	0413	69	35	3	26	supervision and delegation; operational budgeting; workforce planning; record keeping and verification
1412	0411	34	35	2	25	cost accounting and variance analysis; stocktaking and cost of goods; recipe costing and yield; budgeting and variance
1412	0313	36	25	1	24	motivation and team climate; de-escalation and emotional regulation; service psychology and empathy; constructive feedback
1412	1013	23	16	1	17	service recovery; safe food handling in catering; hospitality service standards; restaurant service flow
1412	0542	18	20	6	21	demand forecasting; descriptive statistics; sales mix analysis; scoring and statistics
1412	0421	21	18	0	23	labour law on hours and rest; administrative law; contract law; labour law
1412	0721	16	25	3	21	food preservation principles; hazard analysis and critical control points; incoming food quality inspection; sensory analysis of food
1412	0416	13	19	0	21	inventory management; customer relations in retail; goods-in checks against orders; purchasing procedures
1412	0223	20	2	0	21	fairness and workplace ethics; courtesy and respect
1412	0414	13	9	4	17	menu engineering and pricing; menu engineering; branding; social media marketing
1412	0311	16	6	0	20	input prices and inflation; supply and demand; price elasticity of demand
1412	1022	9	11	1	15	risk assessment method; ergonomics and safe movement; emergency evacuation; egress and fire routes
1412	0511	8	13	0	18	foodborne microorganisms; microbial hazards; the temperature danger zone; microbial contamination of produce
1412	0541	10	8	1	13	ratios and percentages; unit conversion and proportions; mental arithmetic for change; units and measurement
1412	0412	7	3	0	7	cash flow management; investment appraisal; insurance
1412	0611	4	9	0	13	inventory software; using booking software; spreadsheet software; using vendor platforms and tablets
1412	0531	5	5	0	6	combustion and the fire triangle; solubility and dissolution kinetics; flavour chemistry; hardness, alkalinity and mineral ions
1412	1021	3	9	0	9	environmental health regulation; separation of clean and dirty flows; environmental health inspection; sanitary inspection
1412	0212	3	6	2	9	visual identity design; industrial and interior layout design; graphic layout for readability; interior space planning
1412	0923	5	4	0	9	active listening
1412	0417	4	4	1	9	on-the-job training; prioritising tasks under pressure; workplace organisation
1412	0533	4	3	1	6	particle size and flow resistance; heat transfer and cooling rate; fluid flow through a porous bed; water temperature and heat loss
1412	0111	3	5	0	8	adult learning and instruction; curriculum and instructional design
1412	1032	3	4	0	6	cash security; fire prevention and firefighting; personal safety at work; crowd safety
1412	0314	1	5	0	5	intercultural communication; Iranian social and cultural traditions; cultural diversity and inclusion; Iranian cultural norms and taarof
1412	0415	3	0	0	3	written logs and notes
1412	0715	1	2	1	3	burr mechanics and wear; scale formation in boilers; maintenance engineering
1412	1015	1	3	0	4	serving international tourists; event management
1412	0031	1	2	0	2	self-organisation and punctuality; problem solving; communication skills
1412	0812	2	0	0	2	fruit ripening and postharvest physiology; viticulture
1412	1041	1	1	1	2	motor vehicle driving; temperature-controlled transport; logistics
1412	0231	0	3	0	3	English for specific purposes
1412	0521	0	3	0	3	environmental impact of food waste; food waste environmental impact
1412	0713	1	1	0	2	electrical capacity planning; boiler heating and controls
1412	0915	1	1	0	2	nutritional balance of menus; clinical and community nutrition
1412	0221	0	2	0	2	Islamic dietary rules; religious dietary practices
1412	0512	0	2	0	2	polyphenols, catechins and caffeine; human metabolism
1412	0712	0	2	0	2	water treatment technology; waste management and recycling
1412	0711	0	1	0	1	water treatment processes
1412	0714	0	0	1	1	programmable controllers
1412	0722	0	1	0	1	packaging materials
1412	0811	0	1	0	1	tea plant cultivation
1412	0912	0	1	0	1	burns and airway obstruction
1412	0913	0	1	0	1	first aid and basic life support
1412	0921	0	1	0	1	support for disabled adults
1420	0413	4	1	0	1	supervision and delegation; operational budgeting; workforce planning; operations planning
1420	0313	2	2	0	1	motivation and team climate; service psychology and empathy; de-escalation and emotional regulation; constructive feedback
1420	0411	1	3	0	1	cost accounting and variance analysis; recipe costing and yield; stocktaking and cost of goods; invoice verification
1420	0416	1	3	0	1	customer relations in retail; inventory management; goods-in checks against orders; online retail channels
1420	0542	2	0	0	1	demand forecasting
1420	0421	1	1	0	1	labour law on hours and rest; food law and standards
1420	1013	1	1	0	1	hospitality service standards; service recovery
1420	0223	1	0	0	1	fairness and workplace ethics
1420	0311	1	0	0	1	input prices and inflation
1420	0414	0	2	0	1	menu engineering and pricing; ratings and online reputation
1420	0611	0	2	0	1	inventory software; using vendor platforms and tablets
1420	0721	0	2	0	1	incoming food quality inspection; hazard analysis and critical control points
1420	0111	0	1	0	1	adult learning and instruction
1420	0417	0	1	0	1	on-the-job training
1420	0511	0	1	0	1	microbial hazards
1420	0541	0	1	0	1	ratios and percentages
1420	0915	0	1	0	1	dietary salt and health
1420	0923	0	1	0	1	active listening
1420	1022	0	1	0	1	risk assessment method
2132	0721	1	2	0	1	supplier approval for food safety; chilled and frozen food storage; quality grading
2132	0811	2	0	0	1	agricultural extension; crop calendars
2132	0416	1	1	0	1	supplier management; buying and negotiation
2132	0812	1	1	0	1	postharvest physiology; postharvest quality
2132	0314	1	0	0	1	rural sociology
2132	0511	1	0	0	1	plant respiration
2132	0313	0	1	0	1	negotiation psychology
2132	0421	0	1	0	1	contract law
2132	0521	0	1	0	1	environmental sustainability
2132	0533	0	1	0	1	refrigeration and heat load
2132	1041	0	1	0	1	temperature-controlled transport
2145	0721	16	12	0	4	date marking and shelf life; food standards; good manufacturing practice; hazard analysis and critical control points
2145	0421	4	4	0	4	food labelling regulations; food law; food law and standards; consumer protection law
2145	0511	3	5	0	3	food microbiology; microbial culture; microbial growth; mould and microbial spoilage
2145	0531	2	7	0	3	analytical chemistry methods; lipid oxidation; protein and starch chemistry; starch retrogradation and water activity
2145	0915	3	3	0	3	nutrition information panels; dietetics: coeliac disease and diabetes; dietary salt and health; dietetics
2145	0542	3	0	1	3	comparative testing; scoring and statistics; acceptance sampling; control charts
2145	0541	2	2	0	2	ratios and proportions; ratios and percentages; weighted balance calculations; proportional calculation
2145	0512	2	0	0	1	macronutrient biochemistry; allergenic food proteins
2145	1013	2	0	0	2	culinary arts; communicating allergens to guests
2145	1021	2	0	0	2	sanitary design
2145	0413	0	2	1	2	crisis management; management system standards; quality management
2145	0232	0	2	0	2	Persian language and style
2145	0415	0	2	0	2	business correspondence
2145	0533	1	0	0	1	heat transfer
2145	0912	1	0	0	1	food allergy and anaphylaxis
2145	0221	0	1	0	1	religious dietary law
2145	0411	0	1	0	1	recipe costing and yield
2145	0414	0	1	0	1	menu engineering and pricing
2145	0714	0	1	0	1	process instrumentation
2145	0722	0	1	0	1	packaging materials
2163	0212	2	0	0	1	interior design; visual identity design
2163	0414	1	0	0	1	branding
2163	0731	1	0	0	1	space planning
2163	0031	0	1	0	1	communication skills
2163	0411	0	1	0	1	budgeting and variance
2163	0412	0	1	0	1	cash flow management
2163	0531	0	1	0	1	combustion and the fire triangle
2163	0533	0	1	0	1	airflow and heat transfer
2163	0732	0	1	0	1	building HVAC services
2163	1022	0	1	0	1	emergency evacuation
2163	1032	0	1	0	1	fire prevention and firefighting
2166	0414	6	5	0	3	advertising copy; branding; social media marketing; market research
2166	0212	4	4	0	3	graphic design; visual identity design; graphic and layout design
2166	0232	4	1	1	3	Persian language and style; typography and readability; plain language
2166	0611	1	3	0	3	design software; spreadsheet software
2166	0211	2	0	0	1	video production and editing; photography and lighting
2166	0411	2	0	0	1	contribution margin; recipe costing and yield
2166	0542	1	2	0	2	statistics; sales mix analysis; statistical analysis
2166	0721	0	3	0	2	cross-contact control in production; food contact packaging; date marking and shelf life
2166	0533	1	0	0	1	optics
2166	0541	1	0	0	1	ratios and percentages
2166	1013	0	1	1	2	plating; communicating allergens to guests
2166	0111	0	0	1	1	differentiated instruction
2166	0213	0	0	1	1	composition and colour
2166	0421	0	1	0	1	food labelling regulations
2166	0512	0	1	0	1	allergenic food proteins
2166	0722	0	1	0	1	packaging materials
2166	0912	0	1	0	1	food allergy and anaphylaxis
2166	0915	0	1	0	1	nutrition information panels
2263	1022	6	5	1	2	risk assessment method; occupational risk assessment; root cause analysis; emergency evacuation
2263	0721	5	1	1	1	hazard analysis and critical control points; food safety management system audits; thermal processing and core temperature; cross-contact control in production
2263	0511	4	2	0	1	microbial hazards; food microbiology; the temperature danger zone; biofilms and microbial reduction
2263	1021	2	3	0	1	sanitary inspection; cleaning and disinfection programmes; environmental health regulation; hygiene monitoring
2263	0531	2	2	0	2	detergents, sanitisers and dilution; combustion and the fire triangle; combustion chemistry; hazardous chemical reactions
2263	0413	1	2	1	1	record keeping and verification; crisis management; process documentation; management system standards
2263	0533	1	2	0	2	heat transfer and cooling rate; levers and load moments; friction and heat transfer
2263	0912	2	0	0	2	food allergy and anaphylaxis; burns and airway obstruction
2263	0111	0	2	0	2	curriculum and instructional design
2263	0512	1	0	0	1	allergenic food proteins
2263	0713	0	1	1	1	electrical hazards and protection; isolation of electrical supply
2263	0913	1	0	0	1	first aid and basic life support
2263	1013	1	0	0	1	communicating allergens to guests
2263	1032	1	0	0	1	fire prevention and firefighting
2263	0232	0	1	0	1	plain language writing
2263	0421	0	1	0	1	administrative law
2263	0915	0	1	0	1	musculoskeletal injury prevention
2265	0915	5	2	1	2	dietetics; therapeutic diets; nutrition information panels; clinical and community nutrition
2265	0512	5	2	0	2	macronutrient biochemistry; food proteins and intolerance; allergenic food proteins; human metabolism
2265	0541	3	2	0	2	proportional calculation; ratios and percentages; scaling and ratios; weights and measures
2265	0721	2	3	1	2	cross-contact control in production; date marking and shelf life; food preservation principles; food standards
2265	1013	2	2	0	2	communicating allergens to guests; safe food handling in catering; standard recipes
2265	0421	1	1	1	2	food labelling regulations; food law
2265	0912	1	1	0	2	food allergy and anaphylaxis
2265	0411	0	2	0	2	recipe costing and yield; food cost and yield
2265	0611	1	0	0	1	computer use
2265	0111	0	1	0	1	adult learning
2265	0114	0	1	0	1	vocational teacher training
2265	0232	0	1	0	1	Persian language and style
2265	0414	0	1	0	1	menu engineering and pricing
2265	0415	0	1	0	1	business correspondence
2265	0511	0	1	0	1	foodborne microorganisms
2320	0111	6	8	1	3	educational assessment; competency-based education; differentiated instruction; adult learning
2320	0533	8	1	0	2	fluid pressure and flow; fluid flow through a porous bed; steam and heat transfer; fluid dynamics and density
2320	1013	5	2	0	3	safe food handling in catering; espresso bar service; brew bar service; culinary arts techniques
2320	0531	4	2	0	1	solubility and extraction yield; solubility and dissolution kinetics; lactose and heat-sensitive sweetness; extraction and total dissolved solids
2320	0512	3	2	0	2	milk proteins and foam stability; crema and milk foam interface; fermentation during post-harvest processing; Maillard reaction and protein denaturation
2320	0542	2	3	1	3	reliability of measurement; scoring and statistics; scoring and inter-rater calibration; controlled variables and measurement
2320	0721	2	2	1	3	food preservation principles; sensory analysis of food; quality grading of food products; thermal processing of foods
2320	0114	3	0	0	2	vocational teacher training
2320	0417	2	1	1	3	work skills frameworks; on-the-job training
2320	0715	2	1	0	2	scale formation in boilers; sharpening and honing; burr mechanics and wear
2320	0232	0	4	0	3	plain language; Persian language and style
2320	0811	1	2	0	2	coffee origin and processing; coffee cultivation and varieties; rice varieties and grain quality
2320	0313	1	0	1	1	constructive feedback; controlled sensory methodology
2320	0511	1	1	0	2	foodborne microorganisms
2320	0213	1	0	0	1	design and visual symmetry
2320	0541	1	0	0	1	ratios and percentages
2320	0713	1	0	0	1	boiler heating and controls
2320	0415	0	1	0	1	business correspondence
2320	0532	0	1	0	1	climate and altitude
2320	0711	0	1	0	1	water treatment processes
2320	1021	0	1	0	1	equipment sanitation
2359	0111	2	1	0	1	educational assessment; competency-based education; differentiated instruction
2359	0232	0	2	0	1	Persian language and style; plain language
2359	0417	1	0	0	1	work skills frameworks
2359	0542	1	0	0	1	reliability of measurement
2359	0415	0	1	0	1	business correspondence
2359	0511	0	1	0	1	foodborne microorganisms
2359	0721	0	1	0	1	food preservation principles
2359	1013	0	1	0	1	safe food handling in catering
2411	0411	5	0	1	1	cost accounting and variance analysis; recipe costing and yield; stocktaking and cost of goods; financial statements
2411	0611	1	3	0	1	inventory software; spreadsheet software; computer use
2411	0416	1	2	0	1	inventory management; stock control; purchasing procedures
2411	0541	2	0	0	1	ratios and percentages
2411	0413	1	1	0	1	operational budgeting; performance measurement
2411	0311	1	0	0	1	input prices and inflation
2411	0414	1	0	0	1	menu engineering and pricing
2411	0542	0	2	0	1	statistical analysis; descriptive statistics
2411	1013	1	0	0	1	culinary yield
2411	0521	0	0	1	1	environmental impact of food waste
2413	0542	3	0	1	1	time-series forecasting; statistical analysis; sales mix analysis; statistics
2413	0414	2	1	1	1	pricing strategy; menu engineering; digital marketing; market research
2413	0411	1	2	0	1	contribution margin; financial statements; management accounting
2413	0611	1	1	0	1	spreadsheet software; computer use
2413	0311	1	0	0	1	price elasticity of demand
2413	0416	0	1	0	1	e-commerce
2413	0421	0	1	0	1	consumer protection law
2421	0542	5	3	1	3	statistical analysis; statistics; scoring and statistics; demand forecasting
2421	0414	5	2	1	3	market research; menu engineering and pricing; pricing strategy; menu engineering
2421	0411	2	3	0	2	cost accounting; cost accounting and variance analysis; contribution margin; financial statements
2421	0313	3	0	0	2	constructive feedback; consumer behaviour; de-escalation and emotional regulation
2421	0611	2	1	0	2	spreadsheet software; computer use
2421	0212	2	0	0	1	interior and workspace design; graphic layout for readability
2421	0413	1	2	0	1	business planning; operational budgeting; workforce planning
2421	0541	2	0	0	1	unit conversion and proportions; ratios and percentages
2421	0311	1	1	0	2	input prices and inflation; price elasticity of demand
2421	0421	0	3	0	2	labour law on hours and rest; food and trade regulation; consumer protection law
2421	0531	1	1	0	1	solubility and dissolution kinetics; hardness, alkalinity and mineral ions
2421	0111	1	0	0	1	adult learning and instruction
2421	0417	1	0	0	1	on-the-job training
2421	0533	1	0	0	1	fluid flow through a porous bed
2421	0713	1	0	0	1	electrical capacity planning
2421	0721	0	2	0	1	sensory analysis of food; food standards and labelling
2421	0923	1	0	0	1	active listening
2421	1013	1	0	0	1	service recovery
2421	0031	0	1	0	1	communication skills
2421	0232	0	1	0	1	Persian language and style
2421	0415	0	1	0	1	business correspondence
2421	0416	0	1	0	1	e-commerce
2421	0711	0	1	0	1	water treatment processes
2421	0715	0	1	0	1	scale formation in boilers
2423	0413	4	1	1	2	employee onboarding; human resource management; performance appraisal; human resource development
2423	0111	3	2	1	2	induction training; educational needs assessment; curriculum and instructional design; learning support
2423	0421	2	4	0	2	labour law; administrative law; social security law; statutory wage rules
2423	0313	1	3	0	2	personnel selection psychology; feedback and motivation; conflict psychology; developmental psychology and motivation
2423	0232	1	2	0	2	Persian language and style; plain language writing; plain language
2423	0412	1	0	0	1	insurance
2423	1021	0	2	0	2	environmental health regulation
2423	0411	0	1	0	1	payroll accounting
2423	0415	0	1	0	1	business correspondence
2423	0611	0	1	0	1	computer use
2424	0111	7	9	0	4	differentiated instruction; curriculum and instructional design; adult learning; educational assessment
2424	0313	3	4	0	3	developmental psychology and motivation; service psychology and empathy; de-escalation and emotional regulation; constructive feedback
2424	1013	3	2	0	2	hospitality service standards; hospitality rituals; service recovery; safe food handling in catering
2424	0413	3	1	0	3	human resource development; employee onboarding; process documentation; record keeping and verification
2424	0232	1	4	0	4	plain language; plain language writing
2424	0511	3	0	0	1	foodborne microorganisms; microbial hazards; skin and hand microbiota
2424	0721	2	1	0	1	food preservation principles; hazard analysis and critical control points; cross-contact control in production
2424	0114	2	0	0	2	vocational teacher training
2424	1021	1	2	0	2	environmental health regulation; hygiene practice and handwashing
2424	1022	2	0	0	1	risk assessment method; fitness to work and illness reporting
2424	0314	1	1	0	2	Iranian cultural norms and taarof; workplace diversity and respect
2424	0417	1	1	0	1	on-the-job training; cooperation in the workplace
2424	0421	0	3	0	2	administrative law; labour law
2424	0223	1	0	0	1	courtesy and respect
2424	0416	1	0	0	1	customer relations in retail
2424	0542	0	2	0	2	reliability of measurement
2424	0031	0	1	0	1	communication skills
2424	0512	0	1	0	1	allergenic food proteins
2424	0912	0	1	0	1	food allergy and anaphylaxis
2424	0923	0	1	0	1	active listening
2431	0414	15	9	0	5	advertising copy; market research; reputation management; social media marketing
2431	0542	3	6	0	5	statistics; statistical analysis; survey statistics; sales mix analysis
2431	0232	4	2	1	5	Persian language and style; typography and readability; plain language
2431	0611	3	3	0	5	design software; spreadsheet software; using vendor platforms and tablets; CRM software
2431	0212	1	4	0	2	graphic design; visual identity design; graphic and layout design
2431	0211	2	1	0	2	photography and lighting; video production and editing
2431	0313	2	1	0	2	consumer behaviour; de-escalation and emotional regulation
2431	0411	2	0	0	1	contribution margin; recipe costing and yield
2431	0416	2	0	0	1	e-commerce; online retail channels
2431	1013	1	1	1	3	plating; communicating allergens to guests; service recovery
2431	0533	1	1	0	2	optics
2431	0311	1	0	0	1	price elasticity of demand
2431	0314	1	0	0	1	community studies
2431	0541	1	0	0	1	ratios and percentages
2431	0721	0	2	0	2	cross-contact control in production; food contact packaging
2431	0923	1	0	0	1	active listening
2431	0031	0	1	0	1	communication skills
2431	0111	0	0	1	1	differentiated instruction
2431	0213	0	0	1	1	composition and colour
2431	0415	0	1	0	1	business correspondence
2431	0512	0	1	0	1	allergenic food proteins
2431	0722	0	1	0	1	packaging materials
2431	0912	0	1	0	1	food allergy and anaphylaxis
2432	0414	4	2	0	1	customer relationship marketing; public relations; social media marketing; advertising copy
2432	0232	1	0	0	1	Persian language and style
2432	0314	1	0	0	1	community studies
2432	0542	0	2	0	1	survey statistics; statistics
2432	0611	1	0	0	1	CRM software
2432	0313	0	1	0	1	consumer behaviour
3111	0511	3	1	0	1	microbial culture; microbiology; skin and hand microbiota; microbial growth
3111	0531	2	1	1	1	analytical chemistry methods; hazardous chemical reactions; lipid oxidation; analytical chemistry
3111	0721	1	2	1	1	food analysis; shelf-life determination; food quality control; food authenticity
3111	1021	2	0	0	1	hygiene monitoring; hygiene practice and handwashing
3111	1022	2	0	0	1	fitness to work and illness reporting; safety data sheets
3111	0542	0	1	0	1	acceptance sampling
3111	0611	0	1	0	1	computer use
3115	0713	1	3	0	1	electric circuits; electrical hazards and protection; electric motors and relays; isolation of electrical supply
3115	0715	2	1	0	1	maintenance engineering; machine mechanics; compressor mechanics
3115	1022	1	3	0	1	occupational risk assessment; electrical safety at work; gas hazards; hazardous energy control
3115	0413	2	0	0	1	maintenance scheduling; supervision and delegation
3115	0223	1	0	0	1	fairness and workplace ethics
3115	0313	1	0	0	1	motivation and team climate
3115	0533	0	1	1	1	thermodynamics of vapour-compression; airflow and heat transfer
3115	0714	1	0	0	1	control boards and sensors
3115	0411	0	1	0	1	budgeting and variance
3115	0412	0	1	0	1	cash flow management
3115	0416	0	1	0	1	purchasing procedures
3115	0531	0	1	0	1	combustion chemistry
3115	0732	0	0	1	1	building HVAC services
3122	0413	11	14	0	5	supervision and delegation; record keeping and verification; operational budgeting; operations planning
3122	0721	12	10	0	5	hazard analysis and critical control points; hydration and formulation; food quality standards; food product development
3122	0542	6	7	0	5	demand forecasting; sampling and control charts; comparative testing; scoring and statistics
3122	0313	6	4	0	5	motivation and team climate; constructive feedback; controlled sensory methodology
3122	0511	4	4	0	5	microbial hazards; microbial growth and temperature; aflatoxin-producing moulds; plant pests and fungal defects
3122	1022	4	4	0	5	risk assessment method; gas and carbon monoxide safety; fire and explosion prevention; occupational risk assessment
3122	0223	4	1	0	5	fairness and workplace ethics
3122	0411	0	8	0	4	cost accounting and variance analysis; waste cost; stocktaking and cost of goods
3122	0531	3	2	0	3	Maillard reaction and caramelisation; water-soluble colour and aroma compounds; sugar concentration and crystallisation; lipid oxidation and rancidity
3122	0417	1	4	0	5	on-the-job training; workplace organisation
3122	0533	2	2	0	3	conduction and steam condensation; boiling point elevation; heat transfer by conduction, convection and radiation; moisture and density measurement
3122	0111	1	3	0	4	adult learning and instruction
3122	0541	2	1	0	3	ratios and proportions; weighted averages and cost mixing
3122	0713	1	3	0	3	electrical safety checks; burner ignition and flame supervision; combustion and gas systems
3122	0311	0	4	0	4	input prices and inflation
3122	0416	0	4	0	3	inventory rotation; inventory management
3122	0421	0	3	0	3	labour law on hours and rest; food and trade regulation
3122	0611	0	3	0	2	inventory software; using data-logging software
3122	0714	1	1	0	2	temperature sensors and data acquisition; process instrumentation
3122	0314	1	0	0	1	food heritage and culture
3122	0415	0	2	0	2	written logs and notes
3122	0512	1	0	0	1	yeast metabolism
3122	0711	1	0	0	1	process control of thermal processes
3122	0715	0	2	0	2	preventive maintenance
3122	0811	1	0	0	1	saffron as a crop
3122	1021	1	0	0	1	sanitary design
3123	0713	1	3	0	1	electric circuits; electrical hazards and protection; electric motors and relays; isolation of electrical supply
3123	0715	2	1	0	1	maintenance engineering; machine mechanics; compressor mechanics
3123	1022	1	3	0	1	occupational risk assessment; electrical safety at work; gas hazards; hazardous energy control
3123	0413	2	0	0	1	maintenance scheduling; supervision and delegation
3123	0223	1	0	0	1	fairness and workplace ethics
3123	0313	1	0	0	1	motivation and team climate
3123	0533	0	1	1	1	thermodynamics of vapour-compression; airflow and heat transfer
3123	0714	1	0	0	1	control boards and sensors
3123	0411	0	1	0	1	budgeting and variance
3123	0412	0	1	0	1	cash flow management
3123	0416	0	1	0	1	purchasing procedures
3123	0531	0	1	0	1	combustion chemistry
3123	0732	0	0	1	1	building HVAC services
3141	0721	5	5	1	2	food quality standards; sensory analysis of food; hazard analysis and critical control points; date marking and shelf life
3141	0511	4	3	0	2	microbial hazards; mould and microbial spoilage; pests as disease vectors; microbial culture
3141	0531	2	3	1	2	starch retrogradation and water activity; protein and starch chemistry; analytical chemistry methods; hazardous chemical reactions
3141	1022	3	0	0	2	risk assessment method; fitness to work and illness reporting; safety data sheets
3141	0542	2	1	0	2	sampling and control charts; scoring and statistics; acceptance sampling
3141	1021	2	1	0	2	integrated pest management; hygiene monitoring; hygiene practice and handwashing
3141	0421	1	1	0	1	food labelling regulations; food law and standards
3141	0915	1	1	0	1	nutrition information panels; dietary salt and health
3141	0413	1	0	0	1	record keeping and verification
3141	0411	0	1	0	1	invoice verification
3141	0416	0	1	0	1	goods-in checks against orders
3141	0512	0	1	0	1	allergenic food proteins
3141	0611	0	1	0	1	computer use
3141	0912	0	1	0	1	food allergy and anaphylaxis
3141	1013	0	1	0	1	communicating allergens to guests
3257	0721	23	15	3	7	hazard analysis and critical control points; cross-contact control in production; date marking and shelf life; food traceability
3257	0511	12	7	0	6	microbial hazards; biofilms and microbial reduction; food microbiology; microbiology
3257	1022	9	5	1	4	risk assessment method; occupational risk assessment; root cause analysis; emergency evacuation
3257	1021	7	7	1	5	cleaning and disinfection programmes; environmental health regulation; sanitary inspection; hygiene monitoring
3257	0413	4	7	1	6	record keeping and verification; crisis management; management system standards; process documentation
3257	0421	5	5	0	7	food labelling regulations; administrative law; food law; consumer protection law
3257	1013	6	3	0	6	communicating allergens to guests; safe food handling in catering; standard recipes; hospitality service standards
3257	0531	3	6	1	6	detergents, sanitisers and dilution; analytical chemistry methods; analytical chemistry; combustion and the fire triangle
3257	0512	4	3	0	5	allergenic food proteins; food proteins and intolerance; macronutrient biochemistry
3257	0915	4	3	0	5	nutrition information panels; musculoskeletal injury prevention; therapeutic diets; dietetics
3257	0912	4	2	0	6	food allergy and anaphylaxis; burns and airway obstruction
3257	0111	1	6	0	4	curriculum and instructional design; adult learning; differentiated instruction; educational assessment
3257	0232	2	4	0	6	Persian language and style; plain language writing; plain language
3257	0542	2	3	0	3	acceptance sampling; control charts; scoring and statistics; reliability of measurement
3257	0415	1	2	0	3	business correspondence
3257	0416	1	2	0	2	goods-in checks against orders; supplier management; customer relations in retail
3257	0533	1	2	0	2	heat transfer and cooling rate; levers and load moments; friction and heat transfer
3257	0541	2	0	0	2	scaling and ratios; proportional calculation
3257	0114	1	0	0	1	vocational teacher training
3257	0411	1	0	0	1	invoice verification
3257	0713	0	1	1	1	electrical hazards and protection; isolation of electrical supply
3257	0913	1	0	0	1	first aid and basic life support
3257	1032	1	0	0	1	fire prevention and firefighting
3257	0221	0	1	0	1	religious dietary law
3257	0313	0	1	0	1	service psychology and empathy
3313	0411	5	0	1	1	cost accounting and variance analysis; recipe costing and yield; stocktaking and cost of goods; financial statements
3313	0611	1	3	0	1	inventory software; spreadsheet software; computer use
3313	0416	1	2	0	1	inventory management; stock control; purchasing procedures
3313	0541	2	0	0	1	ratios and percentages
3313	0413	1	1	0	1	operational budgeting; performance measurement
3313	0311	1	0	0	1	input prices and inflation
3313	0414	1	0	0	1	menu engineering and pricing
3313	0542	0	2	0	1	statistical analysis; descriptive statistics
3313	1013	1	0	0	1	culinary yield
3313	0521	0	0	1	1	environmental impact of food waste
3322	0416	3	1	0	2	business-to-business sales; customer relations in retail; retail advice and product knowledge; consultative selling
3322	1013	2	2	0	2	espresso bar service; hospitality service standards; catering production planning; kitchen-floor allergen protocols
3322	0414	2	1	0	2	brand promotion; customer needs analysis; menu engineering and pricing
3322	0231	1	2	0	2	English for specific purposes; spoken clarity; written register and tone
3322	0533	2	0	0	1	fluid pressure and flow; particle size and flow resistance
3322	0313	1	1	0	1	service psychology and empathy; controlled sensory methodology
3322	0411	1	1	0	1	pricing and invoicing; recipe costing and yield
3322	0512	1	1	0	2	fermentation during post-harvest processing; food allergens and immune reactions
3322	0542	1	1	0	1	controlled variables and measurement; scoring and inter-rater calibration
3322	0415	1	0	0	1	telephone communication
3322	0421	1	0	0	1	contract terms and cancellation
3322	0531	1	0	0	1	solubility and extraction yield
3322	0532	1	0	0	1	climate and altitude
3322	0541	0	2	0	1	ratios and percentages; ratios and proportional scaling
3322	0713	1	0	0	1	boiler heating and controls
3322	0715	1	0	0	1	burr mechanics and wear
3322	0811	1	0	0	1	coffee cultivation and varieties
3322	0111	0	1	0	1	adult learning and assessment
3322	0114	0	1	0	1	vocational teacher training
3322	0314	0	1	0	1	intercultural communication
3322	0611	0	1	0	1	helpdesk chat tools
3322	0721	0	1	0	1	quality grading of food products
3322	0915	0	1	0	1	dietary restrictions and therapeutic diets
3322	1015	0	1	0	1	serving international tourists
3323	0721	16	12	1	7	supplier approval for food safety; quality grading; chilled and frozen food storage; meat science
3323	0416	15	5	0	7	buying and negotiation; supplier management; wholesale markets; purchasing procedures
3323	0313	6	1	0	7	negotiation psychology; controlled sensory methodology
3323	0811	5	3	0	4	agricultural extension; crop calendars; coffee farm economics; coffee cultivation and varieties
3323	0511	2	4	0	5	plant respiration; plant pests and fungal defects; mould growth conditions; the temperature danger zone
3323	0533	2	4	0	4	refrigeration and heat load; moisture and density measurement; humidity and equilibrium moisture; heat transfer and cooling rate
3323	0421	1	5	0	5	contract law; food law; food and trade regulation; tax law
3323	0812	2	3	0	3	postharvest quality; postharvest physiology
3323	0311	2	2	0	4	commodity prices and inflation; input prices and inflation
3323	0314	1	3	0	4	rural sociology; intercultural communication
3323	0531	2	1	0	1	crocin, picrocrocin and safranal; analytical chemistry; analytical chemistry methods
3323	0542	1	2	0	3	scoring and inter-rater calibration; demand variability; scoring and statistics
3323	1041	1	2	0	3	temperature-controlled transport
3323	0221	1	0	1	2	religious dietary law
3323	0831	1	1	0	2	fish freshness
3323	0841	1	1	0	2	meat inspection
3323	0411	0	2	0	2	cost accounting and variance analysis; taxation
3323	0412	1	0	0	1	commodity prices and currency risk
3323	0413	0	2	0	2	operational budgeting; crisis management
3323	0521	0	2	0	2	environmental sustainability
3323	0722	1	0	0	1	packaging materials
3323	0212	0	1	0	1	visual identity design
3323	0231	0	1	0	1	English for specific purposes
3323	0414	0	1	0	1	branding
3323	0512	0	1	0	1	fermentation during post-harvest processing
3323	0532	0	1	0	1	climate and altitude
3323	0541	0	1	0	1	ratios and percentages
3323	0611	0	1	0	1	inventory software
3323	1013	0	1	0	1	culinary yield
3323	1015	0	1	0	1	serving international tourists
3324	0721	7	0	0	2	grading standards for agricultural commodities; quality grading of food products; quality sampling before purchase; food standards and labelling
3324	0811	2	2	0	2	coffee farm economics; coffee cultivation and varieties; tea cultivation; agricultural extension
3324	0416	2	1	0	2	international wholesale trade; supplier management; wholesale markets
3324	0511	2	1	0	2	plant pests and fungal defects; mould growth conditions
3324	0533	2	1	0	2	moisture and density measurement; humidity and equilibrium moisture
3324	0542	2	0	0	2	scoring and inter-rater calibration; scoring and statistics
3324	0314	0	3	0	2	intercultural communication; rural sociology
3324	0421	1	1	0	2	food and trade regulation; contract law
3324	0512	1	1	0	2	fermentation during post-harvest processing; polyphenol oxidation
3324	0231	0	2	0	2	English for specific purposes
3324	0311	0	2	0	2	input prices and inflation; commodity prices and inflation
3324	0313	1	0	0	1	controlled sensory methodology
3324	0412	1	0	0	1	commodity prices and currency risk
3324	1015	0	2	0	2	serving international tourists
3324	0411	0	1	0	1	cost accounting and variance analysis
3324	0413	0	1	0	1	operational budgeting
3324	0521	0	1	0	1	environmental sustainability
3324	0532	0	1	0	1	climate and altitude
3332	0413	5	0	0	2	project scheduling; workforce planning; operational budgeting; supervision and delegation
3332	0411	3	2	0	3	pricing and invoicing; cost accounting and variance analysis; recipe costing and yield
3332	1013	2	4	0	3	catering production planning; service recovery; kitchen-floor allergen protocols
3332	0421	3	1	0	3	contract terms and cancellation; labour law on hours and rest
3332	0414	2	2	0	3	customer needs analysis; menu engineering and pricing
3332	0541	2	2	0	3	ratios and proportional scaling; ratios and percentages
3332	0313	1	3	0	2	de-escalation and emotional regulation; motivation and team climate; respectful, person-first interaction
3332	0416	2	1	0	3	consultative selling
3332	0212	1	2	0	2	interior space planning; accessible space arrangement
3332	1015	2	0	0	2	event management
3332	0231	1	1	0	1	spoken clarity; written register and tone
3332	1022	1	1	0	2	egress and fire routes
3332	0031	1	0	0	1	self-organisation and punctuality
3332	0223	1	0	0	1	fairness and workplace ethics
3332	0311	1	0	0	1	input prices and inflation
3332	0415	1	0	0	1	telephone communication
3332	0417	1	0	0	1	prioritising tasks under pressure
3332	0542	1	0	0	1	demand forecasting
3332	0923	0	2	0	2	active listening
3332	0221	0	1	0	1	religious dietary practices
3332	0314	0	1	0	1	cultural diversity and inclusion
3332	0512	0	1	0	1	food allergens and immune reactions
3332	0611	0	1	0	1	helpdesk chat tools
3332	0915	0	1	0	1	dietary restrictions and therapeutic diets
3332	0921	0	1	0	1	support for disabled adults
3431	0211	1	1	0	1	photography and lighting; video production and editing
3431	0212	0	2	0	1	graphic design; visual identity design
3431	0213	1	0	0	1	composition and colour
3431	0533	1	0	0	1	optics
3431	1013	1	0	0	1	plating
3431	0414	0	1	0	1	branding
3431	0611	0	1	0	1	design software
3432	0212	4	0	0	2	decorative design and colour; visual arrangement and symmetry; interior design; visual identity design
3432	1013	2	1	0	1	functional table layout; cover layouts for service styles; event service running order
3432	0414	1	1	0	2	customer needs analysis; branding
3432	0411	0	2	0	2	pricing and invoicing; budgeting and variance
3432	0731	1	0	0	1	space planning
3432	1011	1	0	0	1	laundry and linen care
3432	1021	1	0	0	1	separating soiled and clean textiles
3432	0031	0	1	0	1	communication skills
3432	0314	0	1	0	1	wedding and celebration customs
3432	0412	0	1	0	1	cash flow management
3432	0416	0	1	0	1	consultative selling
3432	0421	0	1	0	1	contract terms and cancellation
3432	0531	0	1	0	1	combustion and the fire triangle
3432	0533	0	1	0	1	airflow and heat transfer
3432	0732	0	1	0	1	building HVAC services
3432	1022	0	1	0	1	emergency evacuation
3432	1032	0	1	0	1	fire prevention and firefighting
3434	0413	30	15	0	11	record keeping and verification; supervision and delegation; workforce planning; operational budgeting
3434	1013	29	13	1	11	culinary arts techniques; communicating allergens to guests; standardised recipes; plate presentation standards
3434	0721	23	16	0	13	hazard analysis and critical control points; thermal processing of foods; cross-contact control in production; sensory analysis of food
3434	0313	14	8	0	12	motivation and team climate; constructive feedback; visual perception of taste; group dynamics
3434	0511	14	8	0	12	microbial hazards; taste and smell physiology; foodborne microorganisms; biofilms and microbial reduction
3434	0541	14	8	0	12	ratios and percentages; units and measurement; forecasting from usage; weights and measures
3434	0411	12	11	0	11	recipe costing and yield; cost accounting and variance analysis; waste cost tracking; stocktaking and cost of goods
3434	0512	8	7	0	9	Maillard reaction and protein denaturation; allergenic food proteins; carbohydrate metabolism and glycaemic index; protein denaturation at controlled temperatures
3434	0542	6	11	0	9	demand forecasting; scoring and statistics; sampling and control charts; comparative testing
3434	0531	6	10	0	9	salt, acid and flavour balance; cocoa butter polymorphism; combustion and the fire triangle; detergents, sanitisers and dilution
3434	0417	8	5	0	9	on-the-job training; work organisation; workflow planning; cooperation in the workplace
3434	1022	8	5	0	10	risk assessment method; ergonomics and safe movement; emergency evacuation; hot-oil burns and fire
3434	0414	10	0	0	7	menu engineering and pricing; customer demand and trends
3434	0533	5	8	0	9	conduction, convection and radiation; temperature curves and heat transfer; radiant heat; evaporation and heat transfer at the food surface
3434	0915	6	6	0	8	nutritional balance of menus; portion size and nutrition; therapeutic diets and dietetics; planning for household dietary needs
3434	0223	8	1	0	9	fairness and workplace ethics; courtesy and respect
3434	0421	4	8	0	8	labour law on hours and rest; food hygiene regulations; food labelling regulations
3434	1021	4	4	0	5	environmental health inspection; separation of clean and dirty flows; cleaning and disinfection programmes; public health surveillance
3434	0111	3	5	0	8	adult learning and instruction
3434	0311	4	2	0	6	input prices and inflation
3434	0213	2	4	1	6	colour, composition and balance; colour theory and composition; composition and colour
3434	0212	3	2	0	4	industrial and interior layout design; visual composition; design for a client brief
3434	0912	3	2	0	5	food allergy and anaphylaxis
3434	0314	1	5	0	4	food cultures of the world; workplace diversity and respect; Iranian cultural norms and taarof; regional food cultures of Iran
3434	0415	3	1	0	4	written logs and notes
3434	0416	0	5	0	5	inventory management; inventory rotation; goods-in checks against orders
3434	0611	1	3	0	4	inventory software; kitchen display screens
3434	0521	0	3	0	3	environmental impact of food waste
3434	0021	1	0	0	1	functional literacy
3434	1011	1	0	0	1	domestic service practice
3434	0221	0	1	0	1	Islamic dietary rules
3434	0222	0	1	0	1	history of Persian cuisine
3434	0231	0	1	0	1	English for specific purposes
3434	0811	0	1	0	1	local ingredients and seasons
3434	1015	0	1	0	1	serving international tourists
3434	1032	0	1	0	1	fire prevention and firefighting
3435	1013	3	1	0	1	plating; plate presentation standards; safe food handling in catering; culinary arts techniques
3435	0213	2	0	0	1	composition and colour; colour, composition and balance
3435	0721	1	1	0	1	food preservation principles; thermal processing of foods
3435	0313	1	0	0	1	visual perception of taste
3435	0511	1	0	0	1	foodborne microorganisms
3435	0533	0	2	0	1	optics; conduction, convection and radiation
3435	0211	0	1	0	1	photography and lighting
3435	0212	0	1	0	1	visual identity design
3435	0414	0	1	0	1	branding
3435	0512	0	1	0	1	Maillard reaction and protein denaturation
3512	0611	2	3	0	1	computer hardware and use; point-of-sale software; using vendor platforms and tablets; computer use
3512	0416	2	1	0	1	sales transactions; customer relations in retail; online retail channels
3512	0411	1	2	0	1	daily sales reports; payment reconciliation; computerised accounting
3512	0031	1	0	0	1	problem solving
3512	0313	1	0	0	1	service psychology and empathy
3512	0612	1	0	0	1	network administration
3512	1013	1	0	0	1	hospitality service standards
3512	1032	0	1	1	1	payment fraud prevention; security surveillance
3512	0412	0	1	0	1	electronic payment systems
3512	0414	0	1	0	1	ratings and online reputation
3512	0714	0	0	1	1	electronic security systems
4222	0611	6	4	0	4	helpdesk chat tools; using vendor platforms and tablets; using booking software; point-of-sale software
4222	1013	6	2	0	4	kitchen-floor allergen protocols; table inventory and turn times; hospitality service standards; order-taking procedure
4222	0313	5	2	0	4	service recovery psychology; service psychology and empathy; perceived waiting time; persuasion without pressure
4222	0416	5	2	0	4	online retail channels; returns and refunds; customer relations in retail; sales transactions
4222	0231	4	3	0	4	spoken clarity; written register and tone; English for specific purposes
4222	0414	2	2	0	2	ratings and online reputation; suggestive selling; online product presentation
4222	0415	3	0	0	3	telephone communication
4222	0417	2	0	0	1	attention to detail and checklists; clear workplace communication
4222	0915	1	2	0	2	dietary restrictions and therapeutic diets; ingredients and dietary needs
4222	0413	1	1	0	2	capacity planning; service-level tracking
4222	0232	1	0	0	1	clear spoken communication
4222	0411	1	0	0	1	daily sales reports
4222	0512	0	2	0	2	food allergens and immune reactions
4222	0541	0	2	0	1	queueing and waiting-time estimates; arithmetic, ratios and percentages
4222	0721	1	0	0	1	how dishes are made
4222	0923	1	0	0	1	active listening
4222	1032	1	0	0	1	personal safety at work
4222	0021	0	1	0	1	numeracy
4222	0314	0	1	0	1	intercultural communication
4222	0542	0	1	0	1	demand forecasting from past data
4222	1015	0	1	0	1	serving international tourists
4224	0313	2	1	0	1	de-escalation and emotional regulation; emotion regulation and conflict de-escalation; non-verbal communication
4224	0314	2	0	0	1	cultural diversity and inclusion; intercultural communication
4224	1013	2	0	0	1	guest history and personalised service; service recovery
4224	0231	1	0	1	1	English for specific purposes; second-language acquisition (Arabic)
4224	0221	1	0	0	1	religious dietary practices
4224	0414	1	0	0	1	customer relationship management
4224	0417	1	0	0	1	professional conduct
4224	0421	1	0	0	1	privacy rights
4224	0923	1	0	0	1	active listening
4224	1015	1	0	0	1	serving international tourists
4224	1032	1	0	0	1	personal safety at work
4225	0231	1	2	0	1	spoken clarity; written register and tone; English for specific purposes
4225	1013	2	0	0	1	table inventory and turn times; hospitality service standards
4225	0313	1	1	0	1	service psychology and empathy; perceived waiting time
4225	0611	1	1	0	1	using booking software; helpdesk chat tools
4225	0415	1	0	0	1	telephone communication
4225	0416	1	0	0	1	customer relations in retail
4225	0541	0	2	0	1	queueing and waiting-time estimates; arithmetic, ratios and percentages
4225	0021	0	1	0	1	numeracy
4225	0314	0	1	0	1	intercultural communication
4225	1015	0	1	0	1	serving international tourists
4226	1013	4	0	0	1	front-of-house guest flow; table inventory and turn times; hospitality rituals; hospitality service standards
4226	0313	3	1	0	1	first impressions and social perception; perceived waiting time; service psychology and empathy; respectful, person-first interaction
4226	0314	1	3	0	1	Iranian cultural norms and taarof; family dining customs; intercultural communication; cultural diversity and inclusion
4226	0231	0	2	1	1	spoken clarity; English for specific purposes; sign language acquisition
4226	0223	1	0	0	1	courtesy and respect
4226	0416	1	0	0	1	customer relations in retail
4226	0541	1	0	0	1	queueing and waiting-time estimates
4226	0611	1	0	0	1	using booking software
4226	0212	0	1	0	1	accessible space arrangement
4226	0221	0	1	0	1	religious dietary practices
4226	0415	0	1	0	1	telephone communication
4226	0921	0	1	0	1	support for disabled adults
4226	0922	0	1	0	1	child safety and child needs
4226	1015	0	1	0	1	serving international tourists
4229	0313	2	1	0	1	de-escalation and emotional regulation; emotion regulation and conflict de-escalation; non-verbal communication
4229	0314	2	0	0	1	cultural diversity and inclusion; intercultural communication
4229	1013	2	0	0	1	guest history and personalised service; service recovery
4229	0231	1	0	1	1	English for specific purposes; second-language acquisition (Arabic)
4229	0221	1	0	0	1	religious dietary practices
4229	0414	1	0	0	1	customer relationship management
4229	0417	1	0	0	1	professional conduct
4229	0421	1	0	0	1	privacy rights
4229	0923	1	0	0	1	active listening
4229	1015	1	0	0	1	serving international tourists
4229	1032	1	0	0	1	personal safety at work
4311	0411	4	1	2	1	double-entry bookkeeping; payroll accounting; computerised accounting; reconciliation
4311	0421	1	3	0	1	statutory wage rules; tax law; social security law; labour law
4311	0611	1	1	0	1	business application software; computer use
4311	0412	0	1	0	1	insurance
4313	0411	4	1	2	1	double-entry bookkeeping; payroll accounting; computerised accounting; reconciliation
4313	0421	1	3	0	1	statutory wage rules; tax law; social security law; labour law
4313	0611	1	1	0	1	business application software; computer use
4313	0412	0	1	0	1	insurance
4321	0416	7	2	0	2	stock control; goods-in checks against orders; inventory management; inventory rotation
4321	0721	5	3	0	2	incoming food quality inspection; thermal processing and core temperature; shelf life and spoilage; food preservation principles
4321	0411	4	0	0	2	invoice verification; stocktaking and cost of goods; waste cost
4321	0511	2	2	0	2	the temperature danger zone; pests as disease vectors; foodborne microorganisms
4321	0611	2	1	0	2	inventory software
4321	0533	1	2	0	2	heat transfer and cooling rate; levers and load moments
4321	1041	1	1	1	2	warehousing; materials handling equipment; transport documents
4321	1013	1	0	0	1	safe food handling in catering
4321	1022	0	1	1	1	ergonomics and lifting technique; vehicle safety in warehouses
4321	0542	0	1	0	1	demand variability
4321	0812	0	1	0	1	postharvest quality
4321	0831	0	1	0	1	fish freshness
4321	0841	0	1	0	1	meat inspection
4321	0915	0	1	0	1	musculoskeletal injury prevention
4321	1021	0	1	0	1	integrated pest management
4322	0413	1	1	0	1	production planning and control; supply chain management
4322	0416	1	1	0	1	stock control; reorder point
4322	0542	1	1	0	1	time-series forecasting; demand variability
4322	0611	1	1	0	1	inventory software; computer use
4322	0541	1	0	0	1	scaling and ratios
4322	0721	1	0	0	1	batch production
4322	1013	1	0	0	1	standard recipes
4322	0411	0	1	0	1	waste cost tracking
4322	0521	0	1	0	1	environmental impact of food waste
4322	1041	0	1	0	1	logistics
4323	1041	9	1	0	3	dispatch operations; urban delivery logistics; delivery status workflow; defensive riding
4323	0413	4	2	0	3	capacity planning; supervision and delegation; workforce planning; operational budgeting
4323	0541	4	0	0	3	assignment and scheduling problems; route optimisation
4323	0611	3	2	0	3	live tracking dashboards; mobile app use; inventory software; computer use
4323	0313	3	0	0	2	service recovery psychology; motivation and team climate; constructive feedback
4323	0417	2	1	0	3	prioritising tasks under pressure; on-the-job training
4323	0542	2	1	0	2	demand forecasting from past data; demand forecasting
4323	0031	1	2	0	2	self-organisation and punctuality; problem solving
4323	0533	2	0	0	2	braking distance and friction; refrigeration and heat load
4323	0416	1	1	0	2	returns and refunds; stock control
4323	0421	1	1	0	1	labour law on hours and rest; traffic and insurance law
4323	0111	1	0	0	1	adult learning and instruction
4323	0223	1	0	0	1	fairness and workplace ethics
4323	0231	1	0	0	1	spoken clarity
4323	0415	1	0	0	1	telephone communication
4323	0721	1	0	0	1	chilled and frozen food storage
4323	1022	1	0	0	1	road injury prevention
4323	0311	0	1	0	1	input prices and inflation
4323	0411	0	1	0	1	cost accounting and variance analysis
4323	1032	0	1	0	1	personal safety and crime prevention
4416	0413	2	1	1	1	human resource management; employee onboarding; performance appraisal; human resource development
4416	0421	2	2	0	1	labour law; social security law; statutory wage rules; administrative law
4416	0313	1	2	0	1	personnel selection psychology; feedback and motivation; conflict psychology
4416	0111	1	0	1	1	induction training; educational needs assessment
4416	0412	1	0	0	1	insurance
4416	0232	0	1	0	1	Persian language and style
4416	0411	0	1	0	1	payroll accounting
4416	0415	0	1	0	1	business correspondence
4416	0611	0	1	0	1	computer use
4416	1021	0	1	0	1	environmental health regulation
5111	1022	4	1	0	2	working in moving vehicles; evacuation procedures; workplace incident reporting
5111	1013	4	0	0	2	hospitality service standards; kitchen-floor allergen protocols; order-taking procedure
5111	1032	2	2	0	2	crowd safety; security controls in transport; cash security
5111	1041	3	0	0	2	cabin and onboard service procedures; aviation and rail catering rules
5111	0313	2	0	0	2	service psychology and empathy
5111	0314	1	2	0	2	intercultural communication; cultural diversity and inclusion; family dining customs
5111	0416	2	0	0	2	customer relations in retail
5111	0231	1	0	0	1	English for specific purposes
5111	0232	1	0	0	1	clear spoken communication
5111	0512	1	0	0	1	food allergens and immune reactions
5111	0912	1	0	0	1	burns and airway obstruction
5111	0913	1	0	0	1	first aid and basic life support
5111	0915	1	0	0	1	dietary restrictions and therapeutic diets
5111	1015	1	0	0	1	serving international tourists
5111	0221	0	1	0	1	religious dietary practices
5111	0411	0	1	0	1	cash reconciliation
5111	0511	0	1	0	1	bacterial growth in the danger zone
5111	0533	0	1	0	1	thermal insulation and heat loss
5111	0541	0	1	0	1	mental arithmetic for change
5111	0922	0	1	0	1	child safety and child needs
5120	0533	89	83	1	53	slow heating and cooling of large volumes; water-bath heat retention; conduction, convection and radiation; cutting mechanics and heat penetration
5120	1013	94	62	0	51	safe food handling in catering; communicating allergens to guests; culinary arts techniques; kitchen workstation organisation
5120	0511	86	47	2	51	foodborne microorganisms; taste and smell physiology; pathogen growth and toxin formation; skin and hand microbiota
5120	0721	72	47	1	47	food preservation principles; scaling food processes; cross-contact control in production; thermal processing of foods
5120	0531	56	55	1	48	salt, acid and flavour balance; complete and incomplete combustion; smoke point of cooking oils; starch thickening and roux
5120	0512	43	34	0	46	allergenic food proteins; Maillard reaction and protein denaturation; anti-nutrients (lectins, phytates) and soaking; protein denaturation and doneness
5120	1022	34	39	0	37	gas leak response; slip, trip and burn hazards; fitness to work and illness reporting; risk assessment method
5120	0915	30	29	0	36	portion size and nutrition; nutrition information panels; protein complementation of legumes and grains; therapeutic diets and dietetics
5120	0417	25	11	0	22	prioritising tasks under pressure; workflow planning; cooperation in the workplace; work organisation
5120	0541	15	22	0	29	weights and measures; measurement and scaling; forecasting from usage; mental arithmetic for change
5120	0413	14	13	0	17	record keeping and verification; operational handover procedures; inventory management; contract and menu compliance
5120	0314	14	12	0	21	workplace diversity and respect; food cultures of the world; Persian culinary heritage; regional food cultures of Iran
5120	0313	10	19	0	23	visual perception of taste; group dynamics; service psychology and empathy; constructive feedback
5120	0411	9	19	0	24	food cost and yield; cash reconciliation; waste cost; cost per portion
5120	1021	15	7	0	16	hygiene practice and handwashing; public health surveillance; cleaning and disinfection programmes; drinking water safety
5120	0715	12	6	0	15	sharpening and honing; tilting mechanisms; blade edge and sharpening; moving parts and blades
5120	0021	10	6	0	15	functional literacy; reading instructions
5120	0713	6	14	0	17	gas supply and appliances; electrical controls and programs; refrigeration equipment; electrical safety of appliances
5120	0912	9	8	0	17	food allergy and anaphylaxis
5120	0611	7	8	0	13	kitchen display screens; using vendor platforms and tablets; inventory software; point-of-sale software
5120	0213	5	11	0	15	colour, composition and balance; colour and visual composition; form and composition
5120	0031	6	6	0	12	self-organisation and punctuality
5120	0811	6	6	0	9	rice varieties and grain quality; local ingredients and seasons; saffron crop quality and adulteration; carcass anatomy and meat cuts
5120	0416	2	11	0	12	customer relations in retail; inventory rotation; online retail channels; inventory management
5120	0421	4	7	0	11	food labelling regulations; labour law on hours and rest
5120	1041	5	4	0	9	temperature-controlled transport; food transport services
5120	0841	5	1	0	4	veterinary meat inspection; veterinary inspection of heads and offal
5120	1032	2	7	0	9	fire prevention and firefighting; cash security
5120	0415	2	2	0	4	written logs and notes
5120	1031	3	0	0	3	field catering
5120	0414	2	1	0	3	ratings and online reputation; customer demand and trends
5120	0831	2	1	0	3	fish species and freshness
5120	0222	1	2	0	3	history of Persian cuisine
5120	0231	0	4	0	4	specialised vocabulary acquisition; English for specific purposes
5120	0521	0	4	0	4	food waste environmental impact; environmental impact of food waste
5120	0111	1	1	0	2	adult learning and instruction
5120	0212	1	1	0	2	visual composition
5120	0223	1	1	0	2	fairness and workplace ethics; courtesy and respect
5120	0712	0	2	0	2	waste management and recycling
5120	1011	1	0	0	1	domestic service practice
5120	0214	0	1	0	1	decorative handcraft techniques
5120	0221	0	1	0	1	Islamic dietary rules
5120	0542	0	1	0	1	demand forecasting
5120	0923	0	1	0	1	active listening
5120	1015	0	1	0	1	serving international tourists
5131	1013	83	26	1	22	plate and tray carrying technique; hospitality rituals; table service styles and sequence; hospitality service standards
5131	0314	27	13	0	17	Iranian cultural norms and taarof; workplace diversity and respect; intercultural communication; cultural diversity and inclusion
5131	0417	29	2	0	16	working efficiently on the floor; cooperation in the workplace; working to a routine; clear workplace communication
5131	0313	23	13	0	18	service psychology and empathy; group dynamics; motivation and team climate; de-escalation and emotional regulation
5131	1022	24	9	0	16	ergonomic carrying; evacuation procedures; repetitive strain prevention; manual handling of furniture
5131	0533	17	6	1	15	centre of mass and balance; balance and centre of mass; thermal insulation and heat loss; friction and heat transfer
5131	0416	10	7	0	11	customer relations in retail; inventory and stock valuation; inventory management; average ticket value
5131	0223	10	2	0	12	courtesy and respect; fairness and workplace ethics
5131	0231	8	4	1	9	English for specific purposes; plain-language description; spoken clarity; plain-language explanation
5131	0411	5	11	0	10	cash reconciliation; billing, service charges and VAT; stocktaking and cost of goods; daily sales reports
5131	1032	3	11	0	10	cash security; crowd safety; personal safety at work; safety when entering guest rooms
5131	0511	5	6	0	7	bacterial growth in the danger zone; bacterial growth over time; foodborne microorganisms; the temperature danger zone
5131	0413	6	3	0	5	supervision and delegation; project scheduling; operational budgeting; operational handover procedures
5131	0541	3	8	0	10	mental arithmetic for change; proportional division; queueing and waiting-time estimates; ratios and proportional scaling
5131	0915	4	6	0	9	dietary restrictions and therapeutic diets; ingredients and dietary needs; musculoskeletal injury prevention
5131	0721	3	7	0	8	how dishes are made; food preservation principles; cross-contact control in production; sensory analysis of food
5131	1021	6	1	0	6	surface sanitation; hygiene practice and handwashing; field sanitation
5131	0611	5	2	0	6	kitchen display screens; inventory software; point-of-sale software; using booking software
5131	1015	4	3	0	7	serving international tourists; event management
5131	0232	5	0	0	5	clear spoken communication
5131	0221	3	3	0	5	religious dietary practices; religious rites and gatherings
5131	0421	4	1	0	5	privacy rights; alcohol licensing law; labour law on hours and rest
5131	0512	3	3	0	6	food allergens and immune reactions; allergenic food proteins
5131	0212	3	1	0	4	visual arrangement and symmetry; accessible space arrangement; interior space planning
5131	0812	3	1	0	4	viticulture; tea cultivation and grades
5131	0531	2	1	1	3	tannins, caffeine and infusion; oxidation and stewing of brewed tea; solubility and extraction yield
5131	0414	1	3	0	3	suggestive selling; customer relationship management
5131	0415	2	1	0	3	telephone communication; written logs and notes
5131	0923	2	1	0	3	active listening
5131	0021	2	0	0	2	functional literacy
5131	1041	2	0	0	2	cabin and onboard service procedures
5131	0111	1	1	0	2	adult learning and instruction
5131	0542	1	1	0	2	scoring and statistics; demand forecasting
5131	0922	0	3	0	3	child safety and child needs
5131	0311	0	1	0	1	input prices and inflation
5131	0713	0	0	1	1	boiler heating and controls
5131	0912	0	1	0	1	food allergy and anaphylaxis
5131	0913	0	1	0	1	recognising heat illness
5131	0921	0	1	0	1	support for disabled adults
5132	0531	24	20	1	13	solubility and extraction yield; solubility and dissolution kinetics; lactose and heat-sensitive sweetness; extraction and total dissolved solids
5132	1013	22	16	0	13	hospitality service standards; espresso bar service; opening and closing procedures; bar techniques
5132	0533	24	8	1	11	fluid pressure and flow; particle size and flow resistance; fluid flow through a porous bed; steam and heat transfer
5132	0721	8	18	3	11	sensory analysis of food; quality assurance records; shelf life of ready-to-drink beverages; shelf life and spoilage
5132	0313	12	9	2	14	service psychology and empathy; constructive feedback; motivation and team climate; consumer taste preference
5132	0542	8	5	3	7	scoring and statistics; controlled variables and measurement; variation and consistency; demand forecasting
5132	0413	9	5	0	8	standard operating procedures; workflow and process design; supervision and delegation; workforce planning
5132	0411	3	16	0	11	cost accounting; cash reconciliation; stocktaking and cost of goods; daily sales reports
5132	0511	9	4	0	9	skin and hand microbiota; microbial biofilm in ice machines; biofilms and microbial reduction; foodborne microorganisms
5132	1022	8	6	0	8	fitness to work and illness reporting; slip, trip and burn hazards; ergonomics; harm reduction
5132	0541	6	7	1	11	unit conversion and proportions; mental arithmetic for change; ratios and percentages; measurement and scaling
5132	0416	2	13	0	12	customer relations in retail; inventory management; sales transactions; inventory rotation
5132	0512	7	3	0	7	milk proteins and foam stability; crema and milk foam interface; fermentation during post-harvest processing; milk proteins and denaturation
5132	1021	5	5	0	5	hygiene practice and handwashing; cleaning and disinfection programmes; equipment sanitation; waste storage hygiene
5132	0715	5	4	0	5	burr mechanics and wear; scale formation in boilers; boiler and pipework maintenance; commercial warewashing machines
5132	0314	5	3	0	5	workplace diversity and respect; Iranian culinary heritage; regional hospitality traditions; coffee culture and customs
5132	0713	5	1	0	5	boiler heating and controls; power supply and load
5132	0417	3	4	0	7	on-the-job training; cooperation in the workplace
5132	0421	3	4	0	7	labour law on hours and rest; alcohol licensing law; regulatory limits on alcohol content; street vending permits
5132	0811	4	2	0	4	coffee origin and processing; coffee cultivation and varieties; tea plant cultivation
5132	0223	4	0	0	4	fairness and workplace ethics; courtesy and respect
5132	0111	2	3	0	5	adult learning and instruction
5132	0611	1	4	0	5	inventory software; point-of-sale software
5132	1032	1	4	0	4	cash security; payment fraud prevention
5132	0212	2	1	0	3	graphic layout for readability
5132	0231	2	1	0	3	plain-language explanation
5132	0414	2	1	0	3	menu engineering and pricing
5132	0213	2	0	0	2	design and visual symmetry
5132	0711	1	2	0	3	water treatment processes
5132	0532	1	1	0	2	climate and altitude
5132	0712	0	3	0	3	waste management and recycling; water treatment technology
5132	0915	1	1	0	2	musculoskeletal injury prevention; nutrition information panels
5132	0021	1	0	0	1	reading instructions
5132	0415	1	0	0	1	written logs and notes
5132	0521	0	2	0	2	food waste environmental impact
5132	0917	1	0	0	1	traditional herbal knowledge
5132	0923	1	0	0	1	active listening
5132	0311	0	1	0	1	input prices and inflation
5132	0412	0	1	0	1	electronic payment systems
5132	0714	0	0	1	1	programmable controllers
5132	0722	0	1	0	1	packaging materials
5132	0812	0	1	0	1	fruit ripening and postharvest physiology
5132	0912	0	1	0	1	food allergy and anaphylaxis
5132	1041	0	1	0	1	transport of liquids
5151	0413	9	4	0	5	supervision and delegation; workforce planning; project scheduling; operational budgeting
5151	0313	8	2	0	5	motivation and team climate; constructive feedback; emotion regulation and conflict de-escalation; de-escalation and emotional regulation
5151	1013	8	2	0	4	expediting and course firing; service-ware inventory; kitchen brigade organisation; service recovery
5151	0417	5	1	0	3	on-the-job training; clear workplace communication; work organisation; working to a routine
5151	0531	5	1	0	2	hard-water spots and descaling; reactive mixtures (bleach and acids); detergent and rinse-aid chemistry; detergents, sanitisers and dilution
5151	0223	5	0	0	5	fairness and workplace ethics
5151	1022	4	2	0	4	evacuation procedures; chemical hazards and protective equipment; grease fire prevention; egress and fire routes
5151	1021	2	5	0	2	thermal sanitising of tableware; integrated pest management; waste storage hygiene; environmental health inspection
5151	1032	1	5	0	3	personal safety at work; cash security; crowd safety
5151	0411	1	4	0	3	cash reconciliation; stocktaking and cost of goods; cost accounting and variance analysis; recording and pooling tips
5151	0314	2	1	0	1	wedding and celebration customs; mourning customs; gift and reciprocity customs (taarof)
5151	0421	1	3	0	3	labour law on hours and rest; food hygiene regulations
5151	0542	1	2	0	3	demand forecasting
5151	1015	2	0	0	2	event management
5151	0111	1	1	0	2	adult learning and instruction
5151	0416	1	1	0	2	inventory management; purchasing procedures
5151	0511	1	1	0	2	pests as disease vectors; biofilms and microbial reduction
5151	0541	0	3	0	2	mental arithmetic for change; ratios and proportional scaling
5151	0712	1	1	0	1	grease separation from wastewater; waste management and recycling
5151	0212	1	0	0	1	interior space planning
5151	0221	1	0	0	1	religious rites and gatherings
5151	0415	1	0	0	1	written logs and notes
5151	0611	1	0	0	1	inventory software
5151	0715	1	0	0	1	commercial warewashing machines
5151	0923	1	0	0	1	active listening
5151	0232	0	1	0	1	plain language writing
5151	0311	0	1	0	1	input prices and inflation
5151	0512	0	1	0	1	food allergens and immune reactions
5151	0521	0	1	0	1	food waste environmental impact
5151	0721	0	1	0	1	food safety management system audits
5151	0915	0	1	0	1	dietary restrictions and therapeutic diets
5153	1022	2	1	0	1	tool safety; electrical safety at work; fall prevention
5153	0713	1	1	0	1	electrical hazards and protection; electrical installation
5153	0715	1	1	0	1	workshop tools and practice; maintenance engineering
5153	0031	1	0	0	1	problem solving
5153	0533	0	2	0	1	hydraulics; Ohm's law and power
5153	0413	0	1	0	1	maintenance scheduling
5153	0732	0	1	0	1	building water services
5212	0511	13	5	0	9	foodborne microorganisms; pathogen growth and toxin formation; microbial load of offal; hygiene of ready-to-eat assembly
5212	1013	11	9	0	9	hospitality service standards; safe food handling in catering; standardised assembly for service speed; filled pastry repertoire
5212	0531	9	8	0	8	oil oxidation and polar compounds; total polar compounds testing; combustion and carbon monoxide; complete and incomplete combustion
5212	1022	8	6	1	7	hot-oil burns and fire; oil fire response; ventilation and burn prevention; gas leak response
5212	0533	8	6	0	8	evaporation and heat transfer at the food surface; water-bath heat retention; radiant heat intensity and distance; heat transfer by convection and phase change
5212	0411	5	8	0	9	cash reconciliation; payment reconciliation; food cost and yield; daily sales reports
5212	1032	5	5	0	8	cash security; payment fraud prevention
5212	0541	4	6	0	9	mental arithmetic for change; weights and measures; queueing theory basics
5212	0721	5	2	0	6	food preservation principles; chilled and frozen food storage; thermal processing and core temperature
5212	1021	4	4	0	6	waste storage hygiene; hygiene practice and handwashing; cleaning and disinfection programmes; field sanitation
5212	0512	5	1	0	4	anti-nutrients (lectins, phytates) and soaking; starch and protein binding in raw soaked chickpeas; meat proteins and binding; protein denaturation and doneness
5212	0713	4	3	0	5	thermostats and heating elements; gas supply and appliances; generator and electrical load; power supply and load
5212	0416	1	8	0	8	customer relations in retail; sales transactions
5212	0313	1	7	0	8	service psychology and empathy
5212	0421	3	0	0	2	street vending permits; commercial law; administrative law
5212	0841	3	0	0	2	veterinary meat inspection; veterinary inspection of heads and offal
5212	0413	2	1	0	3	standard operating procedures; process timing and standards; operational budgeting
5212	0521	0	4	0	4	food waste environmental impact
5212	0712	0	4	0	4	waste management and recycling
5212	0915	1	2	0	2	protein complementation of legumes and grains; portion size and nutrition
5212	1041	1	1	1	3	temperature-controlled transport; transport of liquids; motor vehicle driving
5212	0412	1	1	0	2	electronic payment systems
5212	0214	1	0	0	1	manual dexterity techniques
5212	0232	1	0	0	1	clear spoken communication
5212	0417	1	0	0	1	workflow planning
5212	0311	0	1	0	1	input prices and inflation
5212	0314	0	1	0	1	social norms of fairness in queues
5212	0414	0	1	0	1	social media marketing
5212	0611	0	1	0	1	point-of-sale software
5212	0722	0	1	0	1	packaging materials
5212	0913	0	1	0	1	recognising heat illness
5222	0313	3	1	0	1	motivation and team climate; service psychology and empathy; de-escalation and emotional regulation; conflict psychology
5222	1013	2	1	0	1	hospitality service standards; service recovery; safe food handling in catering
5222	0413	2	0	0	1	supervision and delegation; operational handover procedures
5222	0031	1	1	0	1	self-organisation and punctuality; problem solving
5222	0223	1	0	0	1	fairness and workplace ethics
5222	0415	1	0	0	1	written logs and notes
5222	0416	1	0	0	1	customer relations in retail
5222	0417	1	0	0	1	prioritising tasks under pressure
5222	0923	1	0	0	1	active listening
5222	1022	0	2	0	1	workplace incident reporting; emergency evacuation
5222	0411	0	1	0	1	reconciliation
5222	0511	0	1	0	1	foodborne microorganisms
5222	0531	0	1	0	1	combustion and the fire triangle
5222	0721	0	1	0	1	food preservation principles
5222	0912	0	1	0	1	burns and airway obstruction
5222	0913	0	1	0	1	first aid and basic life support
5222	1032	0	1	0	1	fire prevention and firefighting
5223	0416	5	10	0	3	customer relations in retail; sales transactions; product knowledge in retail sales; average ticket value
5223	1013	4	5	0	3	hospitality service standards; hospitality service; service recovery; communicating allergens to guests
5223	0411	3	6	0	3	cash reconciliation; daily sales reports; payment reconciliation; waste cost
5223	0313	3	4	0	3	service psychology and empathy; de-escalation and emotional regulation; persuasion without pressure
5223	0541	3	2	0	3	mental arithmetic for change; arithmetic, ratios and percentages; portion and price calculation
5223	1032	3	2	0	3	cash security; payment fraud prevention
5223	0721	2	2	0	2	food packaging; cross-contact control in production; packaging and shelf life; shelf life and spoilage
5223	0511	2	1	0	3	skin and hand microbiota; botany of aromatic plants
5223	0512	1	2	0	2	allergenic food proteins; polyphenols, catechins and caffeine; fermentation during post-harvest processing
5223	0611	0	4	0	3	point-of-sale software; using vendor platforms and tablets
5223	0811	1	2	0	1	tea plant cultivation; coffee cultivation and varieties; coffee origin and processing
5223	1021	2	0	0	2	hygiene practice and handwashing
5223	1022	2	0	0	2	fitness to work and illness reporting
5223	0414	0	3	0	2	suggestive selling; ratings and online reputation
5223	0531	1	1	0	1	oxidation of aroma compounds; extraction and total dissolved solids
5223	0533	1	1	0	1	water temperature and heat loss; percolation and flow rate
5223	0412	0	2	0	2	electronic payment systems
5223	0722	1	0	0	1	packaging materials
5223	0923	0	2	0	2	active listening
5223	0021	0	1	0	1	numeracy
5223	0212	0	1	0	1	visual display design
5223	0532	0	1	0	1	climate and altitude
5223	0912	0	1	0	1	food allergy and anaphylaxis
5223	0917	0	1	0	1	traditional herbal knowledge
5230	0411	4	1	0	1	cash reconciliation; daily sales reports; payment reconciliation; billing, service charges and VAT
5230	0541	3	0	0	1	mental arithmetic for change; proportional division; arithmetic, ratios and percentages
5230	0416	2	0	0	1	sales transactions; customer relations in retail
5230	1032	2	0	0	1	cash security; payment fraud prevention
5230	0611	1	0	1	1	point-of-sale software; card readers and reservation software
5230	0021	1	0	0	1	numeracy
5230	0313	1	0	0	1	service psychology and empathy
5230	0412	1	0	0	1	electronic payment systems
5230	0413	1	0	0	1	operational handover procedures
5230	0415	1	0	0	1	written logs and notes
5230	1013	1	0	0	1	hospitality service standards
5230	0314	0	1	0	1	gift and reciprocity customs (taarof)
5242	0416	2	1	0	1	business-to-business sales; customer relations in retail; retail advice and product knowledge
5242	0533	2	0	0	1	fluid pressure and flow; particle size and flow resistance
5242	1013	2	0	0	1	espresso bar service; hospitality service standards
5242	0313	1	1	0	1	service psychology and empathy; controlled sensory methodology
5242	0542	1	1	0	1	controlled variables and measurement; scoring and inter-rater calibration
5242	0414	1	0	0	1	brand promotion
5242	0512	1	0	0	1	fermentation during post-harvest processing
5242	0531	1	0	0	1	solubility and extraction yield
5242	0532	1	0	0	1	climate and altitude
5242	0713	1	0	0	1	boiler heating and controls
5242	0715	1	0	0	1	burr mechanics and wear
5242	0811	1	0	0	1	coffee cultivation and varieties
5242	0111	0	1	0	1	adult learning and assessment
5242	0114	0	1	0	1	vocational teacher training
5242	0231	0	1	0	1	English for specific purposes
5242	0314	0	1	0	1	intercultural communication
5242	0721	0	1	0	1	quality grading of food products
5242	1015	0	1	0	1	serving international tourists
5246	1013	49	30	0	30	hospitality service standards; safe food handling in catering; communicating allergens to guests; order-taking procedure
5246	0511	43	16	0	26	skin and hand microbiota; biofilms and microbial reduction; foodborne microorganisms; the temperature danger zone
5246	0533	29	20	1	21	friction and heat transfer; heat transfer and cooling rate; steam and heat transfer; melting and heat exchange
5246	1022	31	17	0	24	fitness to work and illness reporting; slip, trip and burn hazards; burn and carbon monoxide hazards; emergency evacuation
5246	0721	23	19	0	19	food preservation principles; cross-contact control in production; thermal processing and core temperature; hot and cold holding
5246	0531	20	18	1	17	detergents, sanitisers and dilution; lactose and heat-sensitive sweetness; oxidation and stewing of brewed tea; tannins, caffeine and infusion
5246	0411	17	24	0	24	cash reconciliation; daily sales reports; food cost and yield; payment reconciliation
5246	0416	17	24	0	22	customer relations in retail; sales transactions; average ticket value; online retail channels
5246	1021	24	9	0	22	hygiene practice and handwashing; cleaning and disinfection programmes; equipment sanitation; hygiene of self-service machines
5246	0541	16	16	1	20	mental arithmetic for change; weights and measures; queueing theory basics; measurement and scaling
5246	0313	12	12	0	18	service psychology and empathy; persuasion without pressure; de-escalation and emotional regulation; group dynamics
5246	0314	13	10	0	16	social norms of fairness in queues; Iranian tea culture; Iranian cultural norms and taarof; workplace diversity and respect
5246	1032	7	14	0	18	cash security; payment fraud prevention; fire prevention and firefighting
5246	0611	6	13	0	14	point-of-sale software; using vendor platforms and tablets; inventory software; touchscreen and QR interfaces
5246	0915	9	7	0	11	portion size and nutrition; dietary restrictions and therapeutic diets; musculoskeletal injury prevention; nutrition information panels
5246	0512	5	9	0	12	allergenic food proteins; milk proteins and foam stability; food allergens and immune reactions; crema and milk foam interface
5246	0413	7	4	0	7	process timing and standards; standard operating procedures; workflow and process design; supervision and delegation
5246	0417	6	4	0	8	attention to detail and checklists; prioritising tasks under pressure; cooperation in the workplace; professional conduct
5246	0812	5	0	0	5	tea cultivation and grades; fruit ripening and postharvest physiology
5246	0021	4	1	0	5	reading instructions; numeracy
5246	0232	4	1	0	5	clear spoken communication
5246	0414	2	5	0	4	suggestive selling; ratings and online reputation; online product presentation
5246	0421	2	5	0	6	food labelling regulations; public health law; regulatory limits on alcohol content; labour law on hours and rest
5246	0713	4	1	0	5	electric heating elements; boiler heating and controls
5246	0912	1	6	0	7	food allergy and anaphylaxis
5246	0223	3	1	0	4	courtesy and respect; fairness and workplace ethics
5246	0715	2	3	0	4	rotating blades and motors; sharpening and honing; burr mechanics and wear; blade edge and sharpening
5246	0231	2	1	1	4	sign language acquisition; clear speech and read-back; spoken clarity; written register and tone
5246	0412	2	2	0	4	electronic payment systems
5246	0913	2	2	0	3	recognising heat illness; ward routines and patient identification; infection prevention and control
5246	0722	1	3	0	4	packaging materials
5246	1041	0	5	0	5	transport of liquids; temperature-controlled transport; delivery status workflow
5246	0542	1	2	0	3	controlled variables and measurement; demand forecasting; demand forecasting from past data
5246	0923	1	2	0	3	active listening; reporting concerns
5246	0213	1	1	0	2	colour, composition and balance; design and visual symmetry
5246	0922	1	1	0	1	child protection; child safety and child needs
5246	0031	0	2	0	2	self-organisation and punctuality
5246	0212	0	2	0	2	visual display design
5246	0221	0	2	0	2	religious dietary practices; religious rites and gatherings
5246	0311	1	0	0	1	input prices and inflation
5246	0415	1	0	0	1	telephone communication
5246	0714	1	0	0	1	automated machines and error codes
5246	0917	0	2	0	2	traditional herbal knowledge
5246	0811	0	1	0	1	coffee origin and processing
5321	0913	5	1	0	2	ward routines and patient identification; infection prevention and control; aspiration risk and positioning; first aid and basic life support
5321	0915	4	1	0	2	therapeutic diets; dietary restrictions and therapeutic diets; musculoskeletal injury prevention; texture-modified diets and dysphagia
5321	0511	4	0	0	2	pathogen transmission; bacterial growth in the danger zone; skin and hand microbiota
5321	0921	2	0	0	1	care of the elderly; support for disabled adults
5321	1022	1	2	0	2	fitness to work and illness reporting; ergonomics and lifting technique; workplace incident reporting
5321	0313	1	1	0	1	respectful, person-first interaction; non-verbal communication
5321	0533	1	1	0	1	thermal insulation and heat loss; levers and load moments
5321	0212	1	0	0	1	accessible space arrangement
5321	0417	0	2	0	2	professional conduct
5321	0421	0	2	0	2	privacy rights
5321	0512	1	0	0	1	food allergens and immune reactions
5321	1013	1	0	0	1	kitchen-floor allergen protocols
5321	1021	1	0	0	1	hygiene practice and handwashing
5321	0221	0	1	0	1	religious dietary practices
5321	0314	0	1	0	1	cultural diversity and inclusion
5321	0912	0	1	0	1	burns and airway obstruction
5414	1032	3	0	0	1	protection of persons and property; security surveillance; fire prevention and firefighting
5414	0313	1	1	0	1	conflict psychology; service psychology and empathy
5414	1022	1	1	0	1	emergency evacuation; workplace incident reporting
5414	0531	1	0	0	1	combustion and the fire triangle
5414	0714	1	0	0	1	electronic security systems
5414	0232	0	1	0	1	Persian language and style
5414	0415	0	1	0	1	business correspondence
5414	0416	0	1	0	1	customer relations in retail
5414	0912	0	1	0	1	burns and airway obstruction
5414	0913	0	1	0	1	first aid and basic life support
5414	1013	0	1	0	1	hospitality service standards
6111	0511	2	2	0	1	plant physiology; plant respiration; pest ecology; skin and hand microbiota
6111	0812	2	1	0	1	protected cultivation; postharvest physiology; soilless culture
6111	0811	1	1	0	1	soil and irrigation management; crop calendars
6111	0521	1	0	0	1	water resource sustainability
6111	1021	0	2	0	1	environmental sanitation; hygiene practice and handwashing
6111	0531	0	1	0	1	nutrient solution chemistry
6111	1022	0	1	0	1	fitness to work and illness reporting
6113	0511	2	2	0	1	plant physiology; plant respiration; pest ecology; skin and hand microbiota
6113	0812	2	1	0	1	protected cultivation; postharvest physiology; soilless culture
6113	0811	1	1	0	1	soil and irrigation management; crop calendars
6113	0521	1	0	0	1	water resource sustainability
6113	1021	0	2	0	1	environmental sanitation; hygiene practice and handwashing
6113	0531	0	1	0	1	nutrient solution chemistry
6113	1022	0	1	0	1	fitness to work and illness reporting
6210	0511	3	0	0	1	botany and mycology; plant respiration; foodborne microorganisms
6210	0522	1	0	0	1	sustainable wild harvest
6210	0721	1	0	0	1	food preservation principles
6210	0812	1	0	0	1	postharvest physiology
6210	1013	1	0	0	1	safe food handling in catering
6210	1022	0	2	0	1	ergonomics and lifting technique; workplace incident reporting
6210	0521	0	1	0	1	environmental sustainability
6210	0533	0	1	0	1	levers and load moments
6210	0811	0	1	0	1	crop calendars
6210	0912	0	1	0	1	burns and airway obstruction
6210	0913	0	1	0	1	first aid and basic life support
6210	0915	0	1	0	1	musculoskeletal injury prevention
7126	1022	4	3	0	2	tool safety; gas hazards; safety data sheets; occupational risk assessment
7126	0715	3	3	0	2	workshop tools and practice; technical drawing; pipe fitting; machine mechanics
7126	0531	2	4	0	2	combustion chemistry; water hardness and ion exchange; hazardous chemical reactions; combustion and air supply
7126	0732	2	1	0	2	building water services; building gas services; building HVAC services
7126	0533	1	1	0	2	hydraulics; airflow and heat transfer
7126	0231	0	2	0	2	technical English
7126	0712	0	1	0	1	water treatment technology
7126	0713	0	1	0	1	electric circuits
7126	0714	0	1	0	1	control boards and sensors
7126	1032	0	1	0	1	fire prevention and firefighting
7127	0533	2	1	0	1	thermodynamics of vapour-compression; heat transfer and cooling rate; airflow and heat transfer
7127	0713	2	0	0	1	electric motors and relays; electrical hazards and protection
7127	0715	1	2	0	1	compressor mechanics; workshop tools and practice; technical drawing
7127	1022	1	1	1	1	electrical safety at work; tool safety; fall prevention
7127	0511	1	0	0	1	the temperature danger zone
7127	0531	1	0	0	1	properties of refrigerants
7127	0712	1	0	0	1	ozone depletion and greenhouse gases
7127	0721	1	0	0	1	thermal processing and core temperature
7127	0231	0	1	0	1	technical English
7127	0714	0	1	0	1	electronics
7127	0732	0	1	0	1	building HVAC services
7133	1022	6	5	0	2	fall prevention; safety data sheets; personal protective equipment; hazardous energy control
7133	0531	4	2	0	2	hazardous chemical reactions; solution concentration; combustion and the fire triangle; detergent chemistry
7133	1021	3	2	0	2	cleaning of ventilation systems; sanitation practice; cleaning food-contact surfaces; cleaning methods
7133	0541	1	1	0	2	ratios
7133	0713	0	2	0	2	isolation of electrical supply
7133	0715	1	0	0	1	disassembly and reassembly of equipment
7133	0511	0	1	0	1	pests as disease vectors
7133	0533	0	1	0	1	airflow and heat transfer
7133	0732	0	1	0	1	building HVAC services
7133	1032	0	1	0	1	fire prevention and firefighting
7233	0715	10	6	2	3	technical drawing; workshop tools and practice; maintenance engineering; pumps, valves and pressure vessels
7233	1022	8	3	0	3	electrical safety at work; tool safety; hazardous energy control; gas hazards
7233	0713	6	3	0	3	electrical hazards and protection; isolation of electrical supply; heating elements and circuits; boiler heating and controls
7233	0533	3	5	0	2	hydraulics; pressure and heat; particle size and flow resistance; fluid pressure and flow
7233	0714	4	3	0	3	electronics; PID and electronic controllers; control boards and sensors; automation
7233	0531	2	3	2	2	water hardness and ion exchange; solubility and extraction yield; hardness, alkalinity and mineral ions; combustion chemistry
7233	0231	3	0	0	3	technical English
7233	0721	1	2	0	1	food process equipment; good manufacturing practice; critical process parameters
7233	0712	1	1	0	1	water treatment technology
7233	0732	0	2	1	2	building water services; building gas services
7233	0413	0	2	0	2	maintenance scheduling
7233	1013	0	2	0	1	espresso bar service; hospitality service standards
7233	0313	0	1	0	1	service psychology and empathy
7233	0416	0	1	0	1	customer relations in retail
7233	0542	0	1	0	1	controlled variables and measurement
7233	0711	0	0	1	1	water treatment processes
7233	1021	0	1	0	1	sanitary design
7411	1022	3	1	0	1	electrical safety at work; hazardous energy control; tool safety; fall prevention
7411	0713	3	0	0	1	electrical installation; electrical hazards and protection; isolation of electrical supply
7411	0715	1	1	0	1	workshop tools and practice; technical drawing
7411	0533	1	0	0	1	Ohm's law and power
7411	0714	0	1	1	1	electronics; electronic security systems
7411	0231	0	1	0	1	technical English
7411	1032	0	0	1	1	security surveillance
7412	0715	7	5	2	2	technical drawing; workshop tools and practice; pumps, valves and pressure vessels; burr mechanics and wear
7412	1022	6	2	0	2	electrical safety at work; tool safety; gas hazards; hazardous energy control
7412	0713	5	2	0	2	electrical hazards and protection; heating elements and circuits; boiler heating and controls; electric circuits
7412	0533	3	5	0	2	hydraulics; pressure and heat; particle size and flow resistance; fluid pressure and flow
7412	0531	2	3	2	2	water hardness and ion exchange; solubility and extraction yield; hardness, alkalinity and mineral ions; combustion chemistry
7412	0714	3	2	0	2	electronics; PID and electronic controllers; control boards and sensors; sensors and control electronics
7412	0231	2	0	0	2	technical English
7412	0712	1	1	0	1	water treatment technology
7412	0732	0	2	1	2	building water services; building gas services
7412	1013	0	2	0	1	espresso bar service; hospitality service standards
7412	0313	0	1	0	1	service psychology and empathy
7412	0413	0	1	0	1	maintenance scheduling
7412	0416	0	1	0	1	customer relations in retail
7412	0542	0	1	0	1	controlled variables and measurement
7412	0711	0	0	1	1	water treatment processes
7422	0611	2	3	0	1	computer hardware and use; point-of-sale software; using vendor platforms and tablets; computer use
7422	0416	2	1	0	1	sales transactions; customer relations in retail; online retail channels
7422	0411	1	2	0	1	daily sales reports; payment reconciliation; computerised accounting
7422	0031	1	0	0	1	problem solving
7422	0313	1	0	0	1	service psychology and empathy
7422	0612	1	0	0	1	network administration
7422	1013	1	0	0	1	hospitality service standards
7422	1032	0	1	1	1	payment fraud prevention; security surveillance
7422	0412	0	1	0	1	electronic payment systems
7422	0414	0	1	0	1	ratings and online reputation
7422	0714	0	0	1	1	electronic security systems
7511	0721	10	7	0	4	chilled and frozen food storage; reduced-oxygen packaging; meat processing; poultry processing
7511	0511	8	6	0	4	cleaning of meat-contact parts; higher microbial risk of minced meat; anaerobic bacteria; muscle structure and grain
7511	0533	6	2	0	4	refrigeration and heat load; cutting mechanics and heat penetration; heat transfer and cooling rate
7511	0715	5	2	0	3	sharpening and honing; machine guarding; blade edge and sharpening
7511	1013	3	3	0	4	classical knife cuts; communicating allergens to guests; kebab portion standards; culinary yield
7511	1022	4	1	0	3	cut and entanglement injuries; cut injury prevention; fitness to work and illness reporting
7511	0512	3	2	0	3	fat content and texture; allergenic food proteins; salt-soluble myosin binding; acids and enzymes in tenderising
7511	1041	4	0	0	4	temperature-controlled transport
7511	0541	2	3	0	4	weights and measures; ratios and proportional scaling; ratios and percentages
7511	0411	2	2	0	3	food cost and yield; cost per portion
7511	0416	2	1	0	1	buying and negotiation; supplier management; wholesale markets
7511	0915	2	1	0	3	portion size and nutrition; nutrition information panels
7511	0831	2	0	0	2	fish species and freshness; fish freshness
7511	1021	2	0	0	2	cleaning and disinfection programmes; hygiene practice and handwashing
7511	0221	1	1	0	2	Islamic dietary rules; religious dietary law
7511	0841	1	1	0	2	veterinary meat inspection; meat inspection
7511	0313	1	0	0	1	negotiation psychology
7511	0531	1	0	0	1	detergents, sanitisers and dilution
7511	0811	1	0	0	1	carcass anatomy and meat cuts
7511	0311	0	1	0	1	commodity prices and inflation
7511	0413	0	1	0	1	crisis management
7511	0421	0	1	0	1	food labelling regulations
7511	0912	0	1	0	1	food allergy and anaphylaxis
7512	0531	76	56	0	39	water-soluble colour and aroma compounds; lipid oxidation and rancidity; sugar concentration and crystallisation; caramelisation and protein setting
7512	0533	69	61	1	42	friction and heat transfer; boiling point elevation; convection and oven hot spots; heat transfer and cooling rate
7512	0721	44	80	2	40	food preservation principles; food packaging; cross-contact control in production; date marking and shelf life
7512	0511	45	49	0	40	skin and hand microbiota; foodborne microorganisms; aflatoxin-producing moulds; microbial growth and temperature
7512	0541	30	23	0	29	units and measurement; ratios and proportions; baker's percentage; measurement and scaling
7512	1022	22	38	0	31	fitness to work and illness reporting; slip, trip and burn hazards; carbon monoxide hazards; gas and carbon monoxide safety
7512	0512	20	15	0	25	allergenic food proteins; yeast metabolism; gluten formation and fermentation; gluten network formation
7512	1013	13	25	0	22	safe food handling in catering; communicating allergens to guests; standardised recipes; kitchen workstation organisation
7512	0713	10	11	0	12	gas combustion and burners; burner ignition and flame supervision; gas and electric heating systems; electric motors and protection
7512	0915	4	21	0	21	nutrition information panels; dietary salt and health; musculoskeletal injury prevention; dietetics: coeliac disease and diabetes
7512	0413	8	12	0	8	record keeping and verification; supervision and delegation; operations planning; operational handover procedures
7512	0214	8	7	1	8	manual decorative craft; sculpting and modelling; mould craft; hand finishing techniques
7512	0542	6	11	1	9	comparative testing; demand forecasting; scoring and statistics; sampling and control charts
7512	0421	2	18	0	19	food labelling regulations; food law and standards; labour law on hours and rest
7512	1021	4	13	0	14	hygiene practice and handwashing; cleaning and disinfection programmes; cleaning food-contact surfaces
7512	0417	4	12	0	12	cooperation in the workplace; prioritising tasks under pressure; on-the-job training; workflow planning
7512	0811	8	4	0	12	saffron as a crop
7512	0313	4	11	0	11	group dynamics; constructive feedback; motivation and team climate; service psychology and empathy
7512	0314	4	7	0	10	workplace diversity and respect; food heritage and culture; intercultural communication; food in rituals and ceremonies
7512	0212	5	4	0	7	design for a client brief; visual composition; structural design; visual display design
7512	0715	2	9	1	11	mechanical drives and gears; rollers and mechanical adjustment; preventive maintenance; machine setting and adjustment
7512	0714	3	6	1	9	thermostats and controllers; programmable timers and controllers; packaging automation; automation and conveyor control
7512	0912	1	10	0	11	food allergy and anaphylaxis
7512	0722	0	11	0	11	packaging materials
7512	0021	3	3	0	6	reading instructions; functional literacy
7512	0416	1	7	0	8	inventory rotation; consultative selling; product knowledge in retail sales; visual merchandising
7512	0411	0	8	0	7	waste cost; cost accounting and variance analysis; recipe costing and yield; food cost and yield
7512	0213	3	1	0	4	colour theory and composition; colour, composition and balance
7512	0223	2	2	0	4	fairness and workplace ethics
7512	0031	1	3	0	4	self-organisation and punctuality
7512	0111	1	3	0	4	adult learning and instruction
7512	0311	0	2	0	2	input prices and inflation
7512	0414	0	2	0	2	menu engineering and pricing
7512	0415	0	2	0	2	written logs and notes
7512	1032	0	2	0	2	fire prevention and firefighting
7512	1041	0	2	0	2	temperature-controlled transport
7512	0231	0	1	0	1	English for specific purposes
7512	0611	0	1	0	1	kitchen display screens
7512	1015	0	1	0	1	serving international tourists
7513	0721	4	11	0	3	dairy processing; cleaning-in-place for dairy equipment; hazard analysis and critical control points; cross-contact control in production
7513	0533	6	6	0	3	heat extraction and ice crystal size; heat shock and recrystallisation; refrigeration cycle basics; refrigeration and heat load
7513	0511	6	3	0	3	pathogen reduction by heat; listeria in frozen dessert equipment; microbial hazards; aflatoxin-producing moulds
7513	0531	7	1	0	3	fat destabilisation and air incorporation; freezing point depression by sugars; salep glucomannan hydrocolloid; water-soluble colour and aroma compounds
7513	0541	2	1	0	2	weighted balance calculations; units and measurement
7513	0413	1	1	0	2	record keeping and verification
7513	1022	1	1	0	2	risk assessment method
7513	0512	0	2	0	2	allergenic food proteins
7513	0542	0	2	0	1	comparative testing; scoring and statistics
7513	0811	1	0	0	1	saffron as a crop
7513	0912	0	2	0	2	food allergy and anaphylaxis
7513	1013	0	2	0	2	communicating allergens to guests
7513	1041	0	2	0	2	temperature-controlled transport
7513	0212	0	1	0	1	visual display design
7513	0416	0	1	0	1	visual merchandising
7513	0421	0	1	0	1	food labelling regulations
7513	0915	0	1	0	1	nutrition information panels
7514	0511	2	3	0	1	lactic acid bacteria; skin and hand microbiota; botany of aromatic plants; microbial fermentation
7514	0721	2	2	0	1	water activity and preservation; fermented dairy products; date marking and shelf life; thermal processing and core temperature
7514	0531	2	1	0	1	acids and sugar balance; sugar solutions and concentration; pH measurement
7514	0541	1	1	0	1	measurement and scaling; unit conversion and proportions
7514	0021	1	0	0	1	reading instructions
7514	0314	1	0	0	1	Iranian culinary heritage
7514	0421	0	2	0	1	regulatory limits on alcohol content; food labelling regulations
7514	1013	1	0	0	1	standardised recipes
7514	1021	1	0	0	1	hygiene practice and handwashing
7514	1022	1	0	0	1	fitness to work and illness reporting
7514	0411	0	1	0	1	cost accounting
7514	0533	0	1	0	1	heat transfer and cooling rate
7514	0915	0	1	0	1	nutrition information panels
7514	0917	0	1	0	1	traditional herbal knowledge
7515	0721	35	26	3	12	sensory analysis of food; grading standards for agricultural commodities; hazard analysis and critical control points; date marking and shelf life
7515	0511	11	8	1	11	plant pests and fungal defects; microbial hazards; foodborne microorganisms; botany of aromatic plants
7515	0531	10	10	1	10	mass loss and chemical change; volatile aroma compounds; Maillard reaction and caramelisation; solubility and dissolution kinetics
7515	0542	13	5	0	11	scoring and statistics; scoring and inter-rater calibration; sampling and control charts; variation and consistency
7515	0533	9	6	1	9	moisture and density measurement; optical reflectance measurement; heat transfer by conduction, convection and radiation; fluid flow through a porous bed
7515	0313	8	3	0	8	controlled sensory methodology; sensory judgement; constructive feedback; motivation and team climate
7515	1022	8	1	0	6	risk assessment method; fire and explosion prevention; fitness to work and illness reporting; ergonomics and lifting technique
7515	0811	4	5	1	7	coffee cultivation and varieties; tea plant cultivation; tea cultivation; agricultural extension
7515	0413	5	3	0	5	record keeping and verification; supervision and delegation; operational budgeting; quality management
7515	0416	4	4	0	6	goods-in checks against orders; supplier management; inventory management; inventory rotation
7515	0421	2	8	0	8	food labelling regulations; food and trade regulation; food law and standards; food law
7515	0512	3	4	1	7	fermentation during post-harvest processing; polyphenols, catechins and caffeine; polyphenol oxidation; allergenic food proteins
7515	0915	2	5	0	5	nutrition information panels; dietary salt and health; musculoskeletal injury prevention; ingredients and dietary needs
7515	0314	1	5	0	4	intercultural communication; rural sociology; East Asian tea traditions; Iranian tea culture
7515	1013	2	3	0	5	safe food handling in catering; communicating allergens to guests; guest-centred service; menu structure and dish descriptions
7515	0411	1	4	0	4	invoice verification; cost accounting and variance analysis; stocktaking and cost of goods; waste cost
7515	0713	3	0	0	2	combustion and gas systems; gas burners and combustion
7515	0541	1	3	0	4	weighted averages and cost mixing; ratios and percentages
7515	0711	2	1	0	3	process control of thermal processes; water treatment processes
7515	1021	2	1	0	3	hygiene practice and handwashing; integrated pest management
7515	0231	1	2	0	3	English for specific purposes; plain-language explanation
7515	0611	1	2	0	2	using data-logging software; inventory software
7515	0917	2	0	0	2	traditional herbal knowledge
7515	0714	1	1	0	2	temperature sensors and data acquisition
7515	0715	1	1	0	2	rotating drum machinery; scale formation in boilers
7515	0111	0	2	0	2	adult learning and instruction
7515	0223	1	0	0	1	fairness and workplace ethics
7515	0311	0	2	0	2	input prices and inflation; commodity prices and inflation
7515	0417	0	2	0	2	on-the-job training
7515	0532	0	2	0	2	climate and altitude
7515	1015	0	2	0	2	serving international tourists
7515	0212	0	1	0	1	graphic layout for readability
7515	0414	0	1	0	1	menu engineering and pricing
7515	0521	0	1	0	1	environmental sustainability
7515	0722	0	1	0	1	packaging materials and barrier films
7515	0912	0	1	0	1	food allergy and anaphylaxis
7544	0511	2	2	0	1	entomology and rodent biology; pest ecology; pests as disease vectors; foodborne microorganisms
7544	1021	2	1	0	1	vector control; environmental sanitation; integrated pest management
7544	0531	2	0	0	1	pesticide chemistry; hazardous chemical reactions
7544	1022	2	0	0	1	safety data sheets; personal protective equipment
7544	0232	0	1	0	1	Persian language and style
7544	0415	0	1	0	1	business correspondence
7544	0721	0	1	0	1	food preservation principles
7544	1013	0	1	0	1	safe food handling in catering
7549	1022	2	1	0	1	tool safety; electrical safety at work; fall prevention
7549	0713	1	1	0	1	electrical hazards and protection; electrical installation
7549	0715	1	1	0	1	workshop tools and practice; maintenance engineering
7549	0031	1	0	0	1	problem solving
7549	0533	0	2	0	1	hydraulics; Ohm's law and power
7549	0413	0	1	0	1	maintenance scheduling
7549	0732	0	1	0	1	building water services
8160	0721	23	22	1	12	hazard analysis and critical control points; sensory analysis of food; food quality standards; date marking and shelf life
8160	1022	19	20	0	13	risk assessment method; ergonomics and lifting technique; fitness to work and illness reporting; emergency evacuation
8160	0511	15	9	0	12	microbial hazards; skin and hand microbiota; biofilms and microbial reduction; pathogen reduction by heat
8160	0533	9	16	0	11	levers and load moments; convection and heat transfer; friction and heat transfer; optical reflectance measurement
8160	0531	9	7	0	11	combustion and the fire triangle; Maillard reaction and caramelisation; mass loss and chemical change; carbon dioxide release after roasting
8160	0413	6	11	0	11	record keeping and verification; operational handover procedures
8160	0713	9	4	0	6	gas and electric heating systems; electrical safety checks; gas burners and combustion; combustion and gas systems
8160	0714	10	1	0	7	thermostats and controllers; automation and conveyor control; packaging automation; temperature sensors and data acquisition
8160	1021	8	3	0	9	hygiene practice and handwashing; cleaning and disinfection programmes; sanitary design
8160	0715	7	3	0	6	preventive maintenance; industrial machinery; machine setting and adjustment; rotating drum machinery
8160	0915	3	9	0	9	musculoskeletal injury prevention; nutrition information panels
8160	0711	6	0	0	5	steam distillation; unit operations: mashing, boiling, filtration; process control of thermal processes; distillation
8160	0512	4	1	0	4	enzymatic starch conversion; fermentation during post-harvest processing; enzymatic oxidation of polyphenols; alcoholic fermentation by yeast
8160	0542	1	7	0	7	scoring and statistics; sampling and control charts; scoring and inter-rater calibration
8160	0415	0	7	0	7	written logs and notes
8160	0421	2	3	0	3	food labelling regulations; food and trade regulation
8160	0917	3	0	0	3	traditional herbal products; traditional herbal knowledge
8160	1032	2	2	0	4	fire prevention and firefighting
8160	0313	1	3	0	4	sensory judgement; controlled sensory methodology; group dynamics
8160	0611	2	0	0	2	using data-logging software
8160	0417	1	1	0	2	prioritising tasks under pressure; cooperation in the workplace
8160	0541	1	1	0	2	weighted averages and cost mixing; measurement and scaling
8160	0722	1	1	0	2	packaging materials and barrier films
8160	0811	1	1	0	2	coffee cultivation and varieties; tea harvesting and leaf quality
8160	1013	1	1	0	2	safe food handling in catering; standardised recipes
8160	0021	1	0	0	1	reading instructions
8160	0031	1	0	0	1	self-organisation and punctuality
8160	1041	1	0	0	1	temperature-controlled transport
8160	0314	0	1	0	1	workplace diversity and respect
8160	0411	0	1	0	1	waste cost
8160	0416	0	1	0	1	inventory rotation
8160	0532	0	1	0	1	climate and altitude
8183	0721	4	2	0	2	date marking and shelf life; hazard analysis and critical control points; filling and sealing; good manufacturing practice
8183	1021	4	0	0	2	hygiene practice and handwashing; cleaning and disinfection programmes; sanitary design
8183	0511	3	1	0	2	skin and hand microbiota; biofilms and microbial reduction; microbial hazards
8183	1022	2	3	0	2	fitness to work and illness reporting; ergonomics and lifting technique; risk assessment method
8183	0915	2	2	0	2	nutrition information panels; musculoskeletal injury prevention
8183	0421	2	0	0	2	food labelling regulations
8183	0531	2	0	0	1	carbon dioxide release after roasting; detergents, sanitisers and dilution
8183	0722	2	0	0	2	packaging materials and barrier films; packaging materials
8183	0413	0	2	0	1	operational handover procedures; record keeping and verification
8183	0533	0	2	0	2	levers and load moments
8183	0714	1	0	0	1	machine controls
8183	0313	0	1	0	1	group dynamics
8183	0314	0	1	0	1	workplace diversity and respect
8183	0415	0	1	0	1	written logs and notes
8183	0417	0	1	0	1	cooperation in the workplace
8183	0542	0	1	0	1	acceptance sampling
8321	1041	4	1	0	1	defensive riding; urban wayfinding; delivery status workflow; licensing categories
8321	0533	2	0	0	1	braking distance and friction; thermal insulation and heat loss
8321	0611	2	0	0	1	map applications and GPS; mobile app use
8321	1022	1	1	0	1	road injury prevention; heat stress and cold exposure
8321	1032	1	1	0	1	personal safety at the door; personal safety and crime prevention
8321	0314	1	0	0	1	privacy and domestic space norms
8321	0421	1	0	0	1	traffic and insurance law
8321	0511	1	0	0	1	bacterial growth in the danger zone
8321	0411	0	1	0	1	cash reconciliation
8321	0416	0	1	0	1	point-of-sale payment
8321	0541	0	1	0	1	route optimisation
8321	0715	0	1	0	1	chains, brakes and mechanical wear
8321	0716	0	1	0	1	motor vehicle maintenance
8321	0913	0	1	0	1	recognising heat illness
8321	1021	0	1	0	1	sanitising transport containers
8322	1041	15	6	0	4	temperature-controlled transport; load securing; defensive driving; urban delivery logistics
8322	0533	9	5	0	4	refrigeration and heat load; inertia under braking; levers and load moments; thermal insulation and heat loss
8322	1022	4	3	0	4	ergonomics and lifting technique; fatigue and distraction; road safety
8322	0721	3	1	0	3	chilled and frozen food storage; thermal processing and core temperature
8322	0511	3	0	0	3	bacterial growth in the danger zone; the temperature danger zone
8322	0611	3	0	0	2	inventory software; map applications and GPS; mobile app use
8322	0541	2	1	0	3	route optimisation
8322	0411	1	2	0	3	cash reconciliation; stocktaking and cost of goods
8322	0416	1	2	0	3	point-of-sale payment; inventory management
8322	0421	2	0	0	2	traffic and insurance law
8322	0915	1	2	0	3	musculoskeletal injury prevention
8322	1032	2	0	0	2	security controls in transport; personal safety at the door
8322	0314	1	0	0	1	privacy and domestic space norms
8322	0716	1	0	0	1	vehicle refrigeration units
8332	1041	3	3	0	1	motor vehicle driving; cold transport; temperature-controlled transport; urban delivery logistics
8332	0533	3	2	0	1	heat transfer; refrigeration and heat load; heat transfer and cooling rate; inertia and forces
8332	0721	2	0	0	1	chilled and frozen food storage; thermal processing and core temperature
8332	1022	1	1	0	1	road safety; ergonomics and lifting technique
8332	0511	1	0	0	1	the temperature danger zone
8332	0716	1	0	0	1	vehicle refrigeration units
8332	0541	0	1	0	1	route optimisation
8332	0915	0	1	0	1	musculoskeletal injury prevention
9112	1021	13	5	0	4	waste storage hygiene; cleaning and disinfection programmes; integrated pest management; hygiene practice and handwashing
9112	1022	8	7	0	4	slip, trip and burn hazards; ergonomics and lifting technique; fitness to work and illness reporting; safety data sheets
9112	0531	7	1	0	4	detergents, sanitisers and dilution; solution concentration; hazardous chemical reactions; detergent chemistry
9112	0511	5	2	0	4	biofilms and microbial reduction; pests as disease vectors; skin and hand microbiota
9112	0533	3	3	0	3	friction and heat transfer; levers and load moments; centre of mass and balance
9112	0411	3	1	0	1	posting charges to guest accounts; stocktaking and cost of goods; waste cost; daily sales reports
9112	0416	3	1	0	1	stock replenishment and charging; inventory management; inventory rotation; sales transactions
9112	0521	3	0	0	3	food waste environmental impact
9112	0712	3	0	0	3	waste management and recycling
9112	1013	3	0	0	1	clearing technique and table turns; cover layouts for service styles; plate and tray carrying technique
9112	0417	2	1	0	3	cooperation in the workplace; professional conduct
9112	0541	2	0	0	2	ratios
9112	0313	1	1	0	2	group dynamics
9112	0314	1	1	0	2	workplace diversity and respect
9112	0611	1	1	0	1	inventory software; point-of-sale software
9112	0212	1	0	0	1	visual arrangement and symmetry
9112	0421	1	0	0	1	privacy rights
9112	0715	1	0	0	1	disassembly and reassembly of equipment
9112	0721	1	0	0	1	shelf life and spoilage
9112	0915	0	2	0	2	musculoskeletal injury prevention
9112	0713	0	1	0	1	isolation of electrical supply
9112	1011	0	1	0	1	laundry and linen care
9129	1022	4	2	0	1	grease fire risk; fall prevention; safety data sheets; personal protective equipment
9129	0531	1	2	0	1	hazardous chemical reactions; solution concentration; combustion and the fire triangle
9129	1021	1	0	0	1	cleaning of ventilation systems
9129	0533	0	1	0	1	airflow and heat transfer
9129	0541	0	1	0	1	ratios
9129	0713	0	1	0	1	isolation of electrical supply
9129	0732	0	1	0	1	building HVAC services
9129	1032	0	1	0	1	fire prevention and firefighting
9321	0721	8	5	0	4	date marking and shelf life; food preservation principles; food packaging; food packaging materials
9321	1022	3	4	0	3	ergonomics and lifting technique; fitness to work and illness reporting; vehicle safety in warehouses; personal protective equipment
9321	0915	3	3	0	4	nutrition information panels; musculoskeletal injury prevention
9321	0511	3	2	0	3	skin and hand microbiota; foodborne microorganisms; mould and microbial spoilage
9321	0533	2	4	0	4	levers and load moments; steam condensation and heat loss; refrigeration and heat load; inertia and forces
9321	1013	2	3	0	2	safe food handling in catering; kitchen ticket flow and calling orders; quick-service production lines; communicating allergens to guests
9321	1021	3	0	0	2	hygiene practice and handwashing; sanitary design
9321	0416	2	1	0	1	inventory rotation; stock location; inventory management
9321	0417	1	3	0	4	cooperation in the workplace; attention to detail and checklists
9321	0421	2	1	0	3	food labelling regulations
9321	1041	1	3	0	1	warehousing; materials handling equipment; temperature-controlled transport; cargo securing
9321	0722	2	0	0	2	packaging materials
9321	0313	0	3	0	3	group dynamics
9321	0314	0	3	0	3	workplace diversity and respect
9321	0411	1	1	0	1	waste cost; stocktaking and cost of goods
9321	0611	1	1	0	2	kitchen display screens; inventory software
9321	0714	1	1	0	2	packaging automation; machine controls
9321	0021	1	0	0	1	functional literacy
9321	0541	1	0	0	1	units and measurement
9321	0413	0	1	0	1	process timing and standards
9321	0512	0	1	0	1	allergenic food proteins
9321	0531	0	1	0	1	starch retrogradation and water activity
9321	0542	0	1	0	1	acceptance sampling
9321	0715	0	1	0	1	machine setting and adjustment
9321	0912	0	1	0	1	food allergy and anaphylaxis
9329	0511	2	1	0	1	biofilms and microbial reduction; skin and hand microbiota; mould growth conditions
9329	1022	2	1	0	1	ergonomics and lifting technique; fitness to work and illness reporting; fire and explosion prevention
9329	0531	2	0	0	1	carbon dioxide release after roasting; detergents, sanitisers and dilution
9329	0915	2	0	0	1	musculoskeletal injury prevention; nutrition information panels
9329	1021	2	0	0	1	cleaning and disinfection programmes; hygiene practice and handwashing
9329	0533	1	1	0	1	levers and load moments; humidity and equilibrium moisture
9329	0721	1	1	0	1	date marking and shelf life; shelf life and spoilage
9329	0421	1	0	0	1	food labelling regulations
9329	0722	1	0	0	1	packaging materials and barrier films
9329	0313	0	1	0	1	group dynamics
9329	0314	0	1	0	1	workplace diversity and respect
9329	0411	0	1	0	1	waste cost
9329	0416	0	1	0	1	inventory rotation
9329	0417	0	1	0	1	cooperation in the workplace
9329	0713	0	1	0	1	combustion and gas systems
9331	1041	3	0	0	1	cycling in traffic; urban wayfinding; delivery status workflow
9331	0533	2	0	0	1	balance with a load; thermal insulation and heat loss
9331	0611	2	0	0	1	map applications and GPS; mobile app use
9331	0314	1	0	0	1	privacy and domestic space norms
9331	0511	1	0	0	1	bacterial growth in the danger zone
9331	0913	1	0	0	1	recognising heat illness
9331	1022	1	0	0	1	heat stress and cold exposure
9331	1032	1	0	0	1	personal safety at the door
9331	0715	0	1	0	1	chains, brakes and mechanical wear
9331	0716	0	1	0	1	motor vehicle maintenance
9331	1021	0	1	0	1	sanitising transport containers
9333	0533	6	2	0	3	levers and load moments; refrigeration and heat load; inertia under braking; inertia and forces
9333	1041	5	4	0	3	temperature-controlled transport; load securing; aviation and rail catering rules; defensive driving
9333	1022	4	5	0	3	ergonomics and lifting technique; fatigue and distraction; manual handling of furniture; egress and fire routes
9333	0416	3	1	0	2	inventory management; inventory rotation; stock location
9333	0915	3	0	0	3	musculoskeletal injury prevention
9333	0411	2	1	0	2	stocktaking and cost of goods; waste cost
9333	0721	2	1	0	2	chilled and frozen food storage; shelf life and spoilage
9333	0313	1	1	0	2	group dynamics
9333	0314	1	1	0	2	workplace diversity and respect
9333	0417	1	1	0	2	cooperation in the workplace
9333	0611	1	1	0	2	inventory software
9333	1013	1	1	0	1	event logistics; cover layouts for service styles
9333	0212	0	2	0	1	visual arrangement and symmetry; interior space planning
9333	1032	1	0	0	1	security controls in transport
9333	0913	0	1	0	1	recognising heat illness
9333	1011	0	1	0	1	laundry and linen care
9333	1021	0	1	0	1	separating soiled and clean textiles
9411	1013	19	15	0	11	safe food handling in catering; kitchen ticket flow and calling orders; standardised assembly for service speed; communicating allergens to guests
9411	0533	15	12	0	11	evaporation and heat transfer at the food surface; friction and heat transfer; steam condensation and heat loss; conduction and surface temperature zones
9411	0511	14	9	0	10	foodborne microorganisms; hygiene of ready-to-eat assembly; biofilms and microbial reduction; Salmonella in eggs
9411	0531	11	9	0	9	oil oxidation and polar compounds; total polar compounds testing; Maillard browning; detergents, sanitisers and dilution
9411	0721	10	10	0	10	food preservation principles; cross-contact control in production; food packaging materials; thermal processing of foods
9411	1022	10	8	0	9	hot-oil burns and fire; slip, trip and burn hazards; oil fire response; emergency evacuation
9411	0512	7	6	0	9	allergenic food proteins; anti-nutrients (lectins, phytates) and soaking; egg protein coagulation temperatures; Maillard reaction and protein denaturation
9411	0541	7	5	0	9	weights and measures; measurement and scaling; mental arithmetic for change; baker's percentage
9411	0411	5	5	0	9	food cost and yield; cash reconciliation; daily sales reports
9411	0915	5	5	0	8	portion size and nutrition; protein complementation of legumes and grains; nutrition information panels
9411	0417	5	3	0	7	prioritising tasks under pressure; attention to detail and checklists; cooperation in the workplace
9411	0021	5	2	0	6	functional literacy; reading instructions
9411	0611	5	2	0	6	kitchen display screens; using vendor platforms and tablets; point-of-sale software
9411	0031	3	3	0	6	self-organisation and punctuality
9411	0416	3	3	0	6	customer relations in retail; online retail channels; sales transactions
9411	0313	2	4	0	5	service psychology and empathy; visual perception of taste; group dynamics
9411	0713	2	4	0	6	thermostats and heating elements; electrical safety of appliances; gas supply and appliances
9411	1021	1	3	0	4	cleaning and disinfection programmes; waste storage hygiene; hygiene practice and handwashing
9411	0715	1	2	0	3	sharpening and honing; moving parts and blades
9411	0912	0	4	0	4	food allergy and anaphylaxis
9411	1032	1	2	0	3	cash security; fire prevention and firefighting
9411	0214	1	0	0	1	manual dexterity techniques
9411	0314	1	0	0	1	workplace diversity and respect
9411	0413	1	0	0	1	process timing and standards
9411	0414	1	0	0	1	ratings and online reputation
9411	0213	0	1	0	1	colour, composition and balance
9411	0421	0	1	0	1	food labelling regulations
9411	0521	0	1	0	1	food waste environmental impact
9411	0712	0	1	0	1	waste management and recycling
9411	1041	0	1	0	1	temperature-controlled transport
9412	1013	29	19	0	15	safe food handling in catering; classical knife cuts; kitchen workstation organisation; standardised recipes
9412	1022	31	10	0	14	slip, trip and burn hazards; fitness to work and illness reporting; ergonomics and lifting technique; cut injury prevention
9412	0511	31	8	0	15	biofilms and microbial reduction; skin and hand microbiota; foodborne microorganisms; parasites and bacteria on raw produce
9412	0533	24	13	0	15	friction and heat transfer; cutting mechanics and heat penetration; levers and load moments; refrigeration and heat load
9412	1021	22	10	0	13	cleaning and disinfection programmes; hygiene practice and handwashing; waste storage hygiene; thermal sanitising of tableware
9412	0721	14	19	0	12	food preservation principles; shelf life and spoilage; chilled and frozen food storage; date marking and shelf life
9412	0531	16	7	0	12	detergents, sanitisers and dilution; detergent and rinse-aid chemistry; reactive mixtures (bleach and acids); disinfectant concentration and contact time
9412	0417	9	8	0	12	cooperation in the workplace; workflow planning; on-the-job training; clear workplace communication
9412	0715	10	6	0	9	sharpening and honing; blade edge and sharpening; commercial warewashing machines; moving parts and blades
9412	0915	6	8	0	12	musculoskeletal injury prevention; nutrition information panels; portion size and nutrition; protein complementation of legumes and grains
9412	0313	6	5	0	10	group dynamics; motivation and team climate; constructive feedback
9412	0541	6	4	0	8	measurement and scaling; weights and measures; units and measurement; ratios and proportional scaling
9412	0411	3	9	0	9	waste cost; invoice verification; food cost and yield; stocktaking and cost of goods
9412	0512	3	9	0	9	allergenic food proteins; acids and enzymes in tenderising; anti-nutrients (lectins, phytates) and soaking; Maillard reaction and protein denaturation
9412	0314	5	4	0	9	workplace diversity and respect
9412	0021	6	0	0	6	reading instructions; functional literacy
9412	0416	2	6	0	6	inventory rotation; goods-in checks against orders; inventory management
9412	0712	3	4	0	5	waste management and recycling; grease separation from wastewater
9412	1041	3	2	0	5	temperature-controlled transport
9412	0413	2	3	0	3	supervision and delegation; workforce planning; operational budgeting; standard operating procedures
9412	0421	1	5	0	5	food labelling regulations; labour law on hours and rest; food hygiene regulations
9412	0521	2	3	0	5	food waste environmental impact
9412	0611	3	0	0	3	kitchen display screens; inventory software
9412	0912	0	4	0	4	food allergy and anaphylaxis
9412	0212	1	0	0	1	visual arrangement and symmetry
9412	0223	1	0	0	1	fairness and workplace ethics
9412	0231	0	2	0	2	specialised vocabulary acquisition
9412	0831	1	0	0	1	fish species and freshness
9412	0111	0	1	0	1	adult learning and instruction
9412	0213	0	1	0	1	colour and visual composition
9412	0311	0	1	0	1	input prices and inflation
9412	0542	0	1	0	1	demand forecasting
9412	0713	0	1	0	1	electrical safety of appliances
9412	0722	0	1	0	1	packaging materials
9412	0913	0	1	0	1	recognising heat illness
9621	0533	1	1	0	1	thermal insulation and heat loss; levers and load moments
9621	0314	1	0	0	1	privacy and domestic space norms
9621	0511	1	0	0	1	bacterial growth in the danger zone
9621	0611	0	2	0	1	map applications and GPS; mobile app use
9621	1032	1	0	0	1	personal safety at the door
9621	1041	0	2	0	1	urban wayfinding; delivery status workflow
9621	0411	0	1	0	1	cash reconciliation
9621	0416	0	1	0	1	point-of-sale payment
9621	0915	0	1	0	1	musculoskeletal injury prevention
9621	1022	0	1	0	1	ergonomics and lifting technique
9623	0411	2	0	0	1	waste cost; cash reconciliation
9623	1021	2	0	0	1	hygiene of self-service machines; cleaning and disinfection programmes
9623	0511	1	1	0	1	biofilms and microbial reduction; foodborne microorganisms
9623	0721	1	1	0	1	shelf life and spoilage; food preservation principles
9623	0416	1	0	0	1	inventory rotation
9623	0531	1	0	0	1	detergents, sanitisers and dilution
9623	0541	1	0	0	1	mental arithmetic for change
9623	0714	1	0	0	1	automated machines and error codes
9623	1032	1	0	0	1	cash security
9623	0031	0	1	0	1	self-organisation and punctuality
9623	0417	0	1	0	1	prioritising tasks under pressure
9623	1013	0	1	0	1	safe food handling in catering
9629	1013	4	2	0	2	event logistics; front-of-house guest flow; plate and tray carrying technique; hospitality service standards
9629	1022	3	4	0	2	manual handling of furniture; ergonomic carrying; evacuation procedures; ergonomics and lifting technique
9629	0313	4	0	0	2	group dynamics; first impressions and social perception; service psychology and empathy
9629	0314	3	0	0	2	workplace diversity and respect; social norms of fairness in queues
9629	0533	2	1	0	2	centre of mass and balance; levers and load moments; inertia under braking
9629	0417	2	0	0	2	cooperation in the workplace
9629	0212	0	2	0	1	visual arrangement and symmetry; interior space planning
9629	0416	1	0	0	1	customer relations in retail
9629	0541	1	0	0	1	queueing theory basics
9629	0915	1	0	0	1	musculoskeletal injury prevention
9629	1041	1	0	0	1	load securing
9629	0913	0	1	0	1	recognising heat illness
9629	1011	0	1	0	1	laundry and linen care
9629	1021	0	1	0	1	separating soiled and clean textiles
9629	1032	0	1	0	1	crowd safety
